DateKey,FullDateAlternateKey,DayNumberOfWeek,EnglishDayNameOfWeek,SpanishDayNameOfWeek,FrenchDayNameOfWeek,DayNumberOfMonth,DayNumberOfYear,WeekNumberOfYear,EnglishMonthName,SpanishMonthName,FrenchMonthName,MonthNumberOfYear,CalendarQuarter,CalendarYear,CalendarSemester,FiscalQuarter,FiscalYear,FiscalSemester
20050101,1/1/2005,7,Saturday,Sábado,Samedi,1,1,1,January,Enero,Janvier,1,1,2005,1,3,2005,2
20050102,1/2/2005,1,Sunday,Domingo,Dimanche,2,2,2,January,Enero,Janvier,1,1,2005,1,3,2005,2
20050103,1/3/2005,2,Monday,Lunes,Lundi,3,3,2,January,Enero,Janvier,1,1,2005,1,3,2005,2
20050104,1/4/2005,3,Tuesday,Martes,Mardi,4,4,2,January,Enero,Janvier,1,1,2005,1,3,2005,2
20050105,1/5/2005,4,Wednesday,Miércoles,Mercredi,5,5,2,January,Enero,Janvier,1,1,2005,1,3,2005,2
20050106,1/6/2005,5,Thursday,Jueves,Jeudi,6,6,2,January,Enero,Janvier,1,1,2005,1,3,2005,2
20050107,1/7/2005,6,Friday,Viernes,Vendredi,7,7,2,January,Enero,Janvier,1,1,2005,1,3,2005,2
20050108,1/8/2005,7,Saturday,Sábado,Samedi,8,8,2,January,Enero,Janvier,1,1,2005,1,3,2005,2
20050109,1/9/2005,1,Sunday,Domingo,Dimanche,9,9,3,January,Enero,Janvier,1,1,2005,1,3,2005,2
20050110,1/10/2005,2,Monday,Lunes,Lundi,10,10,3,January,Enero,Janvier,1,1,2005,1,3,2005,2
20050111,1/11/2005,3,Tuesday,Martes,Mardi,11,11,3,January,Enero,Janvier,1,1,2005,1,3,2005,2
20050112,1/12/2005,4,Wednesday,Miércoles,Mercredi,12,12,3,January,Enero,Janvier,1,1,2005,1,3,2005,2
20050113,1/13/2005,5,Thursday,Jueves,Jeudi,13,13,3,January,Enero,Janvier,1,1,2005,1,3,2005,2
20050114,1/14/2005,6,Friday,Viernes,Vendredi,14,14,3,January,Enero,Janvier,1,1,2005,1,3,2005,2
20050115,1/15/2005,7,Saturday,Sábado,Samedi,15,15,3,January,Enero,Janvier,1,1,2005,1,3,2005,2
20050116,1/16/2005,1,Sunday,Domingo,Dimanche,16,16,4,January,Enero,Janvier,1,1,2005,1,3,2005,2
20050117,1/17/2005,2,Monday,Lunes,Lundi,17,17,4,January,Enero,Janvier,1,1,2005,1,3,2005,2
20050118,1/18/2005,3,Tuesday,Martes,Mardi,18,18,4,January,Enero,Janvier,1,1,2005,1,3,2005,2
20050119,1/19/2005,4,Wednesday,Miércoles,Mercredi,19,19,4,January,Enero,Janvier,1,1,2005,1,3,2005,2
20050120,1/20/2005,5,Thursday,Jueves,Jeudi,20,20,4,January,Enero,Janvier,1,1,2005,1,3,2005,2
20050121,1/21/2005,6,Friday,Viernes,Vendredi,21,21,4,January,Enero,Janvier,1,1,2005,1,3,2005,2
20050122,1/22/2005,7,Saturday,Sábado,Samedi,22,22,4,January,Enero,Janvier,1,1,2005,1,3,2005,2
20050123,1/23/2005,1,Sunday,Domingo,Dimanche,23,23,5,January,Enero,Janvier,1,1,2005,1,3,2005,2
20050124,1/24/2005,2,Monday,Lunes,Lundi,24,24,5,January,Enero,Janvier,1,1,2005,1,3,2005,2
20050125,1/25/2005,3,Tuesday,Martes,Mardi,25,25,5,January,Enero,Janvier,1,1,2005,1,3,2005,2
20050126,1/26/2005,4,Wednesday,Miércoles,Mercredi,26,26,5,January,Enero,Janvier,1,1,2005,1,3,2005,2
20050127,1/27/2005,5,Thursday,Jueves,Jeudi,27,27,5,January,Enero,Janvier,1,1,2005,1,3,2005,2
20050128,1/28/2005,6,Friday,Viernes,Vendredi,28,28,5,January,Enero,Janvier,1,1,2005,1,3,2005,2
20050129,1/29/2005,7,Saturday,Sábado,Samedi,29,29,5,January,Enero,Janvier,1,1,2005,1,3,2005,2
20050130,1/30/2005,1,Sunday,Domingo,Dimanche,30,30,6,January,Enero,Janvier,1,1,2005,1,3,2005,2
20050131,1/31/2005,2,Monday,Lunes,Lundi,31,31,6,January,Enero,Janvier,1,1,2005,1,3,2005,2
20050201,2/1/2005,3,Tuesday,Martes,Mardi,1,32,6,February,Febrero,Février,2,1,2005,1,3,2005,2
20050202,2/2/2005,4,Wednesday,Miércoles,Mercredi,2,33,6,February,Febrero,Février,2,1,2005,1,3,2005,2
20050203,2/3/2005,5,Thursday,Jueves,Jeudi,3,34,6,February,Febrero,Février,2,1,2005,1,3,2005,2
20050204,2/4/2005,6,Friday,Viernes,Vendredi,4,35,6,February,Febrero,Février,2,1,2005,1,3,2005,2
20050205,2/5/2005,7,Saturday,Sábado,Samedi,5,36,6,February,Febrero,Février,2,1,2005,1,3,2005,2
20050206,2/6/2005,1,Sunday,Domingo,Dimanche,6,37,7,February,Febrero,Février,2,1,2005,1,3,2005,2
20050207,2/7/2005,2,Monday,Lunes,Lundi,7,38,7,February,Febrero,Février,2,1,2005,1,3,2005,2
20050208,2/8/2005,3,Tuesday,Martes,Mardi,8,39,7,February,Febrero,Février,2,1,2005,1,3,2005,2
20050209,2/9/2005,4,Wednesday,Miércoles,Mercredi,9,40,7,February,Febrero,Février,2,1,2005,1,3,2005,2
20050210,2/10/2005,5,Thursday,Jueves,Jeudi,10,41,7,February,Febrero,Février,2,1,2005,1,3,2005,2
20050211,2/11/2005,6,Friday,Viernes,Vendredi,11,42,7,February,Febrero,Février,2,1,2005,1,3,2005,2
20050212,2/12/2005,7,Saturday,Sábado,Samedi,12,43,7,February,Febrero,Février,2,1,2005,1,3,2005,2
20050213,2/13/2005,1,Sunday,Domingo,Dimanche,13,44,8,February,Febrero,Février,2,1,2005,1,3,2005,2
20050214,2/14/2005,2,Monday,Lunes,Lundi,14,45,8,February,Febrero,Février,2,1,2005,1,3,2005,2
20050215,2/15/2005,3,Tuesday,Martes,Mardi,15,46,8,February,Febrero,Février,2,1,2005,1,3,2005,2
20050216,2/16/2005,4,Wednesday,Miércoles,Mercredi,16,47,8,February,Febrero,Février,2,1,2005,1,3,2005,2
20050217,2/17/2005,5,Thursday,Jueves,Jeudi,17,48,8,February,Febrero,Février,2,1,2005,1,3,2005,2
20050218,2/18/2005,6,Friday,Viernes,Vendredi,18,49,8,February,Febrero,Février,2,1,2005,1,3,2005,2
20050219,2/19/2005,7,Saturday,Sábado,Samedi,19,50,8,February,Febrero,Février,2,1,2005,1,3,2005,2
20050220,2/20/2005,1,Sunday,Domingo,Dimanche,20,51,9,February,Febrero,Février,2,1,2005,1,3,2005,2
20050221,2/21/2005,2,Monday,Lunes,Lundi,21,52,9,February,Febrero,Février,2,1,2005,1,3,2005,2
20050222,2/22/2005,3,Tuesday,Martes,Mardi,22,53,9,February,Febrero,Février,2,1,2005,1,3,2005,2
20050223,2/23/2005,4,Wednesday,Miércoles,Mercredi,23,54,9,February,Febrero,Février,2,1,2005,1,3,2005,2
20050224,2/24/2005,5,Thursday,Jueves,Jeudi,24,55,9,February,Febrero,Février,2,1,2005,1,3,2005,2
20050225,2/25/2005,6,Friday,Viernes,Vendredi,25,56,9,February,Febrero,Février,2,1,2005,1,3,2005,2
20050226,2/26/2005,7,Saturday,Sábado,Samedi,26,57,9,February,Febrero,Février,2,1,2005,1,3,2005,2
20050227,2/27/2005,1,Sunday,Domingo,Dimanche,27,58,10,February,Febrero,Février,2,1,2005,1,3,2005,2
20050228,2/28/2005,2,Monday,Lunes,Lundi,28,59,10,February,Febrero,Février,2,1,2005,1,3,2005,2
20050301,3/1/2005,3,Tuesday,Martes,Mardi,1,60,10,March,Marzo,Mars,3,1,2005,1,3,2005,2
20050302,3/2/2005,4,Wednesday,Miércoles,Mercredi,2,61,10,March,Marzo,Mars,3,1,2005,1,3,2005,2
20050303,3/3/2005,5,Thursday,Jueves,Jeudi,3,62,10,March,Marzo,Mars,3,1,2005,1,3,2005,2
20050304,3/4/2005,6,Friday,Viernes,Vendredi,4,63,10,March,Marzo,Mars,3,1,2005,1,3,2005,2
20050305,3/5/2005,7,Saturday,Sábado,Samedi,5,64,10,March,Marzo,Mars,3,1,2005,1,3,2005,2
20050306,3/6/2005,1,Sunday,Domingo,Dimanche,6,65,11,March,Marzo,Mars,3,1,2005,1,3,2005,2
20050307,3/7/2005,2,Monday,Lunes,Lundi,7,66,11,March,Marzo,Mars,3,1,2005,1,3,2005,2
20050308,3/8/2005,3,Tuesday,Martes,Mardi,8,67,11,March,Marzo,Mars,3,1,2005,1,3,2005,2
20050309,3/9/2005,4,Wednesday,Miércoles,Mercredi,9,68,11,March,Marzo,Mars,3,1,2005,1,3,2005,2
20050310,3/10/2005,5,Thursday,Jueves,Jeudi,10,69,11,March,Marzo,Mars,3,1,2005,1,3,2005,2
20050311,3/11/2005,6,Friday,Viernes,Vendredi,11,70,11,March,Marzo,Mars,3,1,2005,1,3,2005,2
20050312,3/12/2005,7,Saturday,Sábado,Samedi,12,71,11,March,Marzo,Mars,3,1,2005,1,3,2005,2
20050313,3/13/2005,1,Sunday,Domingo,Dimanche,13,72,12,March,Marzo,Mars,3,1,2005,1,3,2005,2
20050314,3/14/2005,2,Monday,Lunes,Lundi,14,73,12,March,Marzo,Mars,3,1,2005,1,3,2005,2
20050315,3/15/2005,3,Tuesday,Martes,Mardi,15,74,12,March,Marzo,Mars,3,1,2005,1,3,2005,2
20050316,3/16/2005,4,Wednesday,Miércoles,Mercredi,16,75,12,March,Marzo,Mars,3,1,2005,1,3,2005,2
20050317,3/17/2005,5,Thursday,Jueves,Jeudi,17,76,12,March,Marzo,Mars,3,1,2005,1,3,2005,2
20050318,3/18/2005,6,Friday,Viernes,Vendredi,18,77,12,March,Marzo,Mars,3,1,2005,1,3,2005,2
20050319,3/19/2005,7,Saturday,Sábado,Samedi,19,78,12,March,Marzo,Mars,3,1,2005,1,3,2005,2
20050320,3/20/2005,1,Sunday,Domingo,Dimanche,20,79,13,March,Marzo,Mars,3,1,2005,1,3,2005,2
20050321,3/21/2005,2,Monday,Lunes,Lundi,21,80,13,March,Marzo,Mars,3,1,2005,1,3,2005,2
20050322,3/22/2005,3,Tuesday,Martes,Mardi,22,81,13,March,Marzo,Mars,3,1,2005,1,3,2005,2
20050323,3/23/2005,4,Wednesday,Miércoles,Mercredi,23,82,13,March,Marzo,Mars,3,1,2005,1,3,2005,2
20050324,3/24/2005,5,Thursday,Jueves,Jeudi,24,83,13,March,Marzo,Mars,3,1,2005,1,3,2005,2
20050325,3/25/2005,6,Friday,Viernes,Vendredi,25,84,13,March,Marzo,Mars,3,1,2005,1,3,2005,2
20050326,3/26/2005,7,Saturday,Sábado,Samedi,26,85,13,March,Marzo,Mars,3,1,2005,1,3,2005,2
20050327,3/27/2005,1,Sunday,Domingo,Dimanche,27,86,14,March,Marzo,Mars,3,1,2005,1,3,2005,2
20050328,3/28/2005,2,Monday,Lunes,Lundi,28,87,14,March,Marzo,Mars,3,1,2005,1,3,2005,2
20050329,3/29/2005,3,Tuesday,Martes,Mardi,29,88,14,March,Marzo,Mars,3,1,2005,1,3,2005,2
20050330,3/30/2005,4,Wednesday,Miércoles,Mercredi,30,89,14,March,Marzo,Mars,3,1,2005,1,3,2005,2
20050331,3/31/2005,5,Thursday,Jueves,Jeudi,31,90,14,March,Marzo,Mars,3,1,2005,1,3,2005,2
20050401,4/1/2005,6,Friday,Viernes,Vendredi,1,91,14,April,Abril,Avril,4,2,2005,1,4,2005,2
20050402,4/2/2005,7,Saturday,Sábado,Samedi,2,92,14,April,Abril,Avril,4,2,2005,1,4,2005,2
20050403,4/3/2005,1,Sunday,Domingo,Dimanche,3,93,15,April,Abril,Avril,4,2,2005,1,4,2005,2
20050404,4/4/2005,2,Monday,Lunes,Lundi,4,94,15,April,Abril,Avril,4,2,2005,1,4,2005,2
20050405,4/5/2005,3,Tuesday,Martes,Mardi,5,95,15,April,Abril,Avril,4,2,2005,1,4,2005,2
20050406,4/6/2005,4,Wednesday,Miércoles,Mercredi,6,96,15,April,Abril,Avril,4,2,2005,1,4,2005,2
20050407,4/7/2005,5,Thursday,Jueves,Jeudi,7,97,15,April,Abril,Avril,4,2,2005,1,4,2005,2
20050408,4/8/2005,6,Friday,Viernes,Vendredi,8,98,15,April,Abril,Avril,4,2,2005,1,4,2005,2
20050409,4/9/2005,7,Saturday,Sábado,Samedi,9,99,15,April,Abril,Avril,4,2,2005,1,4,2005,2
20050410,4/10/2005,1,Sunday,Domingo,Dimanche,10,100,16,April,Abril,Avril,4,2,2005,1,4,2005,2
20050411,4/11/2005,2,Monday,Lunes,Lundi,11,101,16,April,Abril,Avril,4,2,2005,1,4,2005,2
20050412,4/12/2005,3,Tuesday,Martes,Mardi,12,102,16,April,Abril,Avril,4,2,2005,1,4,2005,2
20050413,4/13/2005,4,Wednesday,Miércoles,Mercredi,13,103,16,April,Abril,Avril,4,2,2005,1,4,2005,2
20050414,4/14/2005,5,Thursday,Jueves,Jeudi,14,104,16,April,Abril,Avril,4,2,2005,1,4,2005,2
20050415,4/15/2005,6,Friday,Viernes,Vendredi,15,105,16,April,Abril,Avril,4,2,2005,1,4,2005,2
20050416,4/16/2005,7,Saturday,Sábado,Samedi,16,106,16,April,Abril,Avril,4,2,2005,1,4,2005,2
20050417,4/17/2005,1,Sunday,Domingo,Dimanche,17,107,17,April,Abril,Avril,4,2,2005,1,4,2005,2
20050418,4/18/2005,2,Monday,Lunes,Lundi,18,108,17,April,Abril,Avril,4,2,2005,1,4,2005,2
20050419,4/19/2005,3,Tuesday,Martes,Mardi,19,109,17,April,Abril,Avril,4,2,2005,1,4,2005,2
20050420,4/20/2005,4,Wednesday,Miércoles,Mercredi,20,110,17,April,Abril,Avril,4,2,2005,1,4,2005,2
20050421,4/21/2005,5,Thursday,Jueves,Jeudi,21,111,17,April,Abril,Avril,4,2,2005,1,4,2005,2
20050422,4/22/2005,6,Friday,Viernes,Vendredi,22,112,17,April,Abril,Avril,4,2,2005,1,4,2005,2
20050423,4/23/2005,7,Saturday,Sábado,Samedi,23,113,17,April,Abril,Avril,4,2,2005,1,4,2005,2
20050424,4/24/2005,1,Sunday,Domingo,Dimanche,24,114,18,April,Abril,Avril,4,2,2005,1,4,2005,2
20050425,4/25/2005,2,Monday,Lunes,Lundi,25,115,18,April,Abril,Avril,4,2,2005,1,4,2005,2
20050426,4/26/2005,3,Tuesday,Martes,Mardi,26,116,18,April,Abril,Avril,4,2,2005,1,4,2005,2
20050427,4/27/2005,4,Wednesday,Miércoles,Mercredi,27,117,18,April,Abril,Avril,4,2,2005,1,4,2005,2
20050428,4/28/2005,5,Thursday,Jueves,Jeudi,28,118,18,April,Abril,Avril,4,2,2005,1,4,2005,2
20050429,4/29/2005,6,Friday,Viernes,Vendredi,29,119,18,April,Abril,Avril,4,2,2005,1,4,2005,2
20050430,4/30/2005,7,Saturday,Sábado,Samedi,30,120,18,April,Abril,Avril,4,2,2005,1,4,2005,2
20050501,5/1/2005,1,Sunday,Domingo,Dimanche,1,121,19,May,Mayo,Mai,5,2,2005,1,4,2005,2
20050502,5/2/2005,2,Monday,Lunes,Lundi,2,122,19,May,Mayo,Mai,5,2,2005,1,4,2005,2
20050503,5/3/2005,3,Tuesday,Martes,Mardi,3,123,19,May,Mayo,Mai,5,2,2005,1,4,2005,2
20050504,5/4/2005,4,Wednesday,Miércoles,Mercredi,4,124,19,May,Mayo,Mai,5,2,2005,1,4,2005,2
20050505,5/5/2005,5,Thursday,Jueves,Jeudi,5,125,19,May,Mayo,Mai,5,2,2005,1,4,2005,2
20050506,5/6/2005,6,Friday,Viernes,Vendredi,6,126,19,May,Mayo,Mai,5,2,2005,1,4,2005,2
20050507,5/7/2005,7,Saturday,Sábado,Samedi,7,127,19,May,Mayo,Mai,5,2,2005,1,4,2005,2
20050508,5/8/2005,1,Sunday,Domingo,Dimanche,8,128,20,May,Mayo,Mai,5,2,2005,1,4,2005,2
20050509,5/9/2005,2,Monday,Lunes,Lundi,9,129,20,May,Mayo,Mai,5,2,2005,1,4,2005,2
20050510,5/10/2005,3,Tuesday,Martes,Mardi,10,130,20,May,Mayo,Mai,5,2,2005,1,4,2005,2
20050511,5/11/2005,4,Wednesday,Miércoles,Mercredi,11,131,20,May,Mayo,Mai,5,2,2005,1,4,2005,2
20050512,5/12/2005,5,Thursday,Jueves,Jeudi,12,132,20,May,Mayo,Mai,5,2,2005,1,4,2005,2
20050513,5/13/2005,6,Friday,Viernes,Vendredi,13,133,20,May,Mayo,Mai,5,2,2005,1,4,2005,2
20050514,5/14/2005,7,Saturday,Sábado,Samedi,14,134,20,May,Mayo,Mai,5,2,2005,1,4,2005,2
20050515,5/15/2005,1,Sunday,Domingo,Dimanche,15,135,21,May,Mayo,Mai,5,2,2005,1,4,2005,2
20050516,5/16/2005,2,Monday,Lunes,Lundi,16,136,21,May,Mayo,Mai,5,2,2005,1,4,2005,2
20050517,5/17/2005,3,Tuesday,Martes,Mardi,17,137,21,May,Mayo,Mai,5,2,2005,1,4,2005,2
20050518,5/18/2005,4,Wednesday,Miércoles,Mercredi,18,138,21,May,Mayo,Mai,5,2,2005,1,4,2005,2
20050519,5/19/2005,5,Thursday,Jueves,Jeudi,19,139,21,May,Mayo,Mai,5,2,2005,1,4,2005,2
20050520,5/20/2005,6,Friday,Viernes,Vendredi,20,140,21,May,Mayo,Mai,5,2,2005,1,4,2005,2
20050521,5/21/2005,7,Saturday,Sábado,Samedi,21,141,21,May,Mayo,Mai,5,2,2005,1,4,2005,2
20050522,5/22/2005,1,Sunday,Domingo,Dimanche,22,142,22,May,Mayo,Mai,5,2,2005,1,4,2005,2
20050523,5/23/2005,2,Monday,Lunes,Lundi,23,143,22,May,Mayo,Mai,5,2,2005,1,4,2005,2
20050524,5/24/2005,3,Tuesday,Martes,Mardi,24,144,22,May,Mayo,Mai,5,2,2005,1,4,2005,2
20050525,5/25/2005,4,Wednesday,Miércoles,Mercredi,25,145,22,May,Mayo,Mai,5,2,2005,1,4,2005,2
20050526,5/26/2005,5,Thursday,Jueves,Jeudi,26,146,22,May,Mayo,Mai,5,2,2005,1,4,2005,2
20050527,5/27/2005,6,Friday,Viernes,Vendredi,27,147,22,May,Mayo,Mai,5,2,2005,1,4,2005,2
20050528,5/28/2005,7,Saturday,Sábado,Samedi,28,148,22,May,Mayo,Mai,5,2,2005,1,4,2005,2
20050529,5/29/2005,1,Sunday,Domingo,Dimanche,29,149,23,May,Mayo,Mai,5,2,2005,1,4,2005,2
20050530,5/30/2005,2,Monday,Lunes,Lundi,30,150,23,May,Mayo,Mai,5,2,2005,1,4,2005,2
20050531,5/31/2005,3,Tuesday,Martes,Mardi,31,151,23,May,Mayo,Mai,5,2,2005,1,4,2005,2
20050601,6/1/2005,4,Wednesday,Miércoles,Mercredi,1,152,23,June,Junio,Juin,6,2,2005,1,4,2005,2
20050602,6/2/2005,5,Thursday,Jueves,Jeudi,2,153,23,June,Junio,Juin,6,2,2005,1,4,2005,2
20050603,6/3/2005,6,Friday,Viernes,Vendredi,3,154,23,June,Junio,Juin,6,2,2005,1,4,2005,2
20050604,6/4/2005,7,Saturday,Sábado,Samedi,4,155,23,June,Junio,Juin,6,2,2005,1,4,2005,2
20050605,6/5/2005,1,Sunday,Domingo,Dimanche,5,156,24,June,Junio,Juin,6,2,2005,1,4,2005,2
20050606,6/6/2005,2,Monday,Lunes,Lundi,6,157,24,June,Junio,Juin,6,2,2005,1,4,2005,2
20050607,6/7/2005,3,Tuesday,Martes,Mardi,7,158,24,June,Junio,Juin,6,2,2005,1,4,2005,2
20050608,6/8/2005,4,Wednesday,Miércoles,Mercredi,8,159,24,June,Junio,Juin,6,2,2005,1,4,2005,2
20050609,6/9/2005,5,Thursday,Jueves,Jeudi,9,160,24,June,Junio,Juin,6,2,2005,1,4,2005,2
20050610,6/10/2005,6,Friday,Viernes,Vendredi,10,161,24,June,Junio,Juin,6,2,2005,1,4,2005,2
20050611,6/11/2005,7,Saturday,Sábado,Samedi,11,162,24,June,Junio,Juin,6,2,2005,1,4,2005,2
20050612,6/12/2005,1,Sunday,Domingo,Dimanche,12,163,25,June,Junio,Juin,6,2,2005,1,4,2005,2
20050613,6/13/2005,2,Monday,Lunes,Lundi,13,164,25,June,Junio,Juin,6,2,2005,1,4,2005,2
20050614,6/14/2005,3,Tuesday,Martes,Mardi,14,165,25,June,Junio,Juin,6,2,2005,1,4,2005,2
20050615,6/15/2005,4,Wednesday,Miércoles,Mercredi,15,166,25,June,Junio,Juin,6,2,2005,1,4,2005,2
20050616,6/16/2005,5,Thursday,Jueves,Jeudi,16,167,25,June,Junio,Juin,6,2,2005,1,4,2005,2
20050617,6/17/2005,6,Friday,Viernes,Vendredi,17,168,25,June,Junio,Juin,6,2,2005,1,4,2005,2
20050618,6/18/2005,7,Saturday,Sábado,Samedi,18,169,25,June,Junio,Juin,6,2,2005,1,4,2005,2
20050619,6/19/2005,1,Sunday,Domingo,Dimanche,19,170,26,June,Junio,Juin,6,2,2005,1,4,2005,2
20050620,6/20/2005,2,Monday,Lunes,Lundi,20,171,26,June,Junio,Juin,6,2,2005,1,4,2005,2
20050621,6/21/2005,3,Tuesday,Martes,Mardi,21,172,26,June,Junio,Juin,6,2,2005,1,4,2005,2
20050622,6/22/2005,4,Wednesday,Miércoles,Mercredi,22,173,26,June,Junio,Juin,6,2,2005,1,4,2005,2
20050623,6/23/2005,5,Thursday,Jueves,Jeudi,23,174,26,June,Junio,Juin,6,2,2005,1,4,2005,2
20050624,6/24/2005,6,Friday,Viernes,Vendredi,24,175,26,June,Junio,Juin,6,2,2005,1,4,2005,2
20050625,6/25/2005,7,Saturday,Sábado,Samedi,25,176,26,June,Junio,Juin,6,2,2005,1,4,2005,2
20050626,6/26/2005,1,Sunday,Domingo,Dimanche,26,177,27,June,Junio,Juin,6,2,2005,1,4,2005,2
20050627,6/27/2005,2,Monday,Lunes,Lundi,27,178,27,June,Junio,Juin,6,2,2005,1,4,2005,2
20050628,6/28/2005,3,Tuesday,Martes,Mardi,28,179,27,June,Junio,Juin,6,2,2005,1,4,2005,2
20050629,6/29/2005,4,Wednesday,Miércoles,Mercredi,29,180,27,June,Junio,Juin,6,2,2005,1,4,2005,2
20050630,6/30/2005,5,Thursday,Jueves,Jeudi,30,181,27,June,Junio,Juin,6,2,2005,1,4,2005,2
20050701,7/1/2005,6,Friday,Viernes,Vendredi,1,182,27,July,Julio,Juillet,7,3,2005,2,1,2006,1
20050702,7/2/2005,7,Saturday,Sábado,Samedi,2,183,27,July,Julio,Juillet,7,3,2005,2,1,2006,1
20050703,7/3/2005,1,Sunday,Domingo,Dimanche,3,184,28,July,Julio,Juillet,7,3,2005,2,1,2006,1
20050704,7/4/2005,2,Monday,Lunes,Lundi,4,185,28,July,Julio,Juillet,7,3,2005,2,1,2006,1
20050705,7/5/2005,3,Tuesday,Martes,Mardi,5,186,28,July,Julio,Juillet,7,3,2005,2,1,2006,1
20050706,7/6/2005,4,Wednesday,Miércoles,Mercredi,6,187,28,July,Julio,Juillet,7,3,2005,2,1,2006,1
20050707,7/7/2005,5,Thursday,Jueves,Jeudi,7,188,28,July,Julio,Juillet,7,3,2005,2,1,2006,1
20050708,7/8/2005,6,Friday,Viernes,Vendredi,8,189,28,July,Julio,Juillet,7,3,2005,2,1,2006,1
20050709,7/9/2005,7,Saturday,Sábado,Samedi,9,190,28,July,Julio,Juillet,7,3,2005,2,1,2006,1
20050710,7/10/2005,1,Sunday,Domingo,Dimanche,10,191,29,July,Julio,Juillet,7,3,2005,2,1,2006,1
20050711,7/11/2005,2,Monday,Lunes,Lundi,11,192,29,July,Julio,Juillet,7,3,2005,2,1,2006,1
20050712,7/12/2005,3,Tuesday,Martes,Mardi,12,193,29,July,Julio,Juillet,7,3,2005,2,1,2006,1
20050713,7/13/2005,4,Wednesday,Miércoles,Mercredi,13,194,29,July,Julio,Juillet,7,3,2005,2,1,2006,1
20050714,7/14/2005,5,Thursday,Jueves,Jeudi,14,195,29,July,Julio,Juillet,7,3,2005,2,1,2006,1
20050715,7/15/2005,6,Friday,Viernes,Vendredi,15,196,29,July,Julio,Juillet,7,3,2005,2,1,2006,1
20050716,7/16/2005,7,Saturday,Sábado,Samedi,16,197,29,July,Julio,Juillet,7,3,2005,2,1,2006,1
20050717,7/17/2005,1,Sunday,Domingo,Dimanche,17,198,30,July,Julio,Juillet,7,3,2005,2,1,2006,1
20050718,7/18/2005,2,Monday,Lunes,Lundi,18,199,30,July,Julio,Juillet,7,3,2005,2,1,2006,1
20050719,7/19/2005,3,Tuesday,Martes,Mardi,19,200,30,July,Julio,Juillet,7,3,2005,2,1,2006,1
20050720,7/20/2005,4,Wednesday,Miércoles,Mercredi,20,201,30,July,Julio,Juillet,7,3,2005,2,1,2006,1
20050721,7/21/2005,5,Thursday,Jueves,Jeudi,21,202,30,July,Julio,Juillet,7,3,2005,2,1,2006,1
20050722,7/22/2005,6,Friday,Viernes,Vendredi,22,203,30,July,Julio,Juillet,7,3,2005,2,1,2006,1
20050723,7/23/2005,7,Saturday,Sábado,Samedi,23,204,30,July,Julio,Juillet,7,3,2005,2,1,2006,1
20050724,7/24/2005,1,Sunday,Domingo,Dimanche,24,205,31,July,Julio,Juillet,7,3,2005,2,1,2006,1
20050725,7/25/2005,2,Monday,Lunes,Lundi,25,206,31,July,Julio,Juillet,7,3,2005,2,1,2006,1
20050726,7/26/2005,3,Tuesday,Martes,Mardi,26,207,31,July,Julio,Juillet,7,3,2005,2,1,2006,1
20050727,7/27/2005,4,Wednesday,Miércoles,Mercredi,27,208,31,July,Julio,Juillet,7,3,2005,2,1,2006,1
20050728,7/28/2005,5,Thursday,Jueves,Jeudi,28,209,31,July,Julio,Juillet,7,3,2005,2,1,2006,1
20050729,7/29/2005,6,Friday,Viernes,Vendredi,29,210,31,July,Julio,Juillet,7,3,2005,2,1,2006,1
20050730,7/30/2005,7,Saturday,Sábado,Samedi,30,211,31,July,Julio,Juillet,7,3,2005,2,1,2006,1
20050731,7/31/2005,1,Sunday,Domingo,Dimanche,31,212,32,July,Julio,Juillet,7,3,2005,2,1,2006,1
20050801,8/1/2005,2,Monday,Lunes,Lundi,1,213,32,August,Agosto,Août,8,3,2005,2,1,2006,1
20050802,8/2/2005,3,Tuesday,Martes,Mardi,2,214,32,August,Agosto,Août,8,3,2005,2,1,2006,1
20050803,8/3/2005,4,Wednesday,Miércoles,Mercredi,3,215,32,August,Agosto,Août,8,3,2005,2,1,2006,1
20050804,8/4/2005,5,Thursday,Jueves,Jeudi,4,216,32,August,Agosto,Août,8,3,2005,2,1,2006,1
20050805,8/5/2005,6,Friday,Viernes,Vendredi,5,217,32,August,Agosto,Août,8,3,2005,2,1,2006,1
20050806,8/6/2005,7,Saturday,Sábado,Samedi,6,218,32,August,Agosto,Août,8,3,2005,2,1,2006,1
20050807,8/7/2005,1,Sunday,Domingo,Dimanche,7,219,33,August,Agosto,Août,8,3,2005,2,1,2006,1
20050808,8/8/2005,2,Monday,Lunes,Lundi,8,220,33,August,Agosto,Août,8,3,2005,2,1,2006,1
20050809,8/9/2005,3,Tuesday,Martes,Mardi,9,221,33,August,Agosto,Août,8,3,2005,2,1,2006,1
20050810,8/10/2005,4,Wednesday,Miércoles,Mercredi,10,222,33,August,Agosto,Août,8,3,2005,2,1,2006,1
20050811,8/11/2005,5,Thursday,Jueves,Jeudi,11,223,33,August,Agosto,Août,8,3,2005,2,1,2006,1
20050812,8/12/2005,6,Friday,Viernes,Vendredi,12,224,33,August,Agosto,Août,8,3,2005,2,1,2006,1
20050813,8/13/2005,7,Saturday,Sábado,Samedi,13,225,33,August,Agosto,Août,8,3,2005,2,1,2006,1
20050814,8/14/2005,1,Sunday,Domingo,Dimanche,14,226,34,August,Agosto,Août,8,3,2005,2,1,2006,1
20050815,8/15/2005,2,Monday,Lunes,Lundi,15,227,34,August,Agosto,Août,8,3,2005,2,1,2006,1
20050816,8/16/2005,3,Tuesday,Martes,Mardi,16,228,34,August,Agosto,Août,8,3,2005,2,1,2006,1
20050817,8/17/2005,4,Wednesday,Miércoles,Mercredi,17,229,34,August,Agosto,Août,8,3,2005,2,1,2006,1
20050818,8/18/2005,5,Thursday,Jueves,Jeudi,18,230,34,August,Agosto,Août,8,3,2005,2,1,2006,1
20050819,8/19/2005,6,Friday,Viernes,Vendredi,19,231,34,August,Agosto,Août,8,3,2005,2,1,2006,1
20050820,8/20/2005,7,Saturday,Sábado,Samedi,20,232,34,August,Agosto,Août,8,3,2005,2,1,2006,1
20050821,8/21/2005,1,Sunday,Domingo,Dimanche,21,233,35,August,Agosto,Août,8,3,2005,2,1,2006,1
20050822,8/22/2005,2,Monday,Lunes,Lundi,22,234,35,August,Agosto,Août,8,3,2005,2,1,2006,1
20050823,8/23/2005,3,Tuesday,Martes,Mardi,23,235,35,August,Agosto,Août,8,3,2005,2,1,2006,1
20050824,8/24/2005,4,Wednesday,Miércoles,Mercredi,24,236,35,August,Agosto,Août,8,3,2005,2,1,2006,1
20050825,8/25/2005,5,Thursday,Jueves,Jeudi,25,237,35,August,Agosto,Août,8,3,2005,2,1,2006,1
20050826,8/26/2005,6,Friday,Viernes,Vendredi,26,238,35,August,Agosto,Août,8,3,2005,2,1,2006,1
20050827,8/27/2005,7,Saturday,Sábado,Samedi,27,239,35,August,Agosto,Août,8,3,2005,2,1,2006,1
20050828,8/28/2005,1,Sunday,Domingo,Dimanche,28,240,36,August,Agosto,Août,8,3,2005,2,1,2006,1
20050829,8/29/2005,2,Monday,Lunes,Lundi,29,241,36,August,Agosto,Août,8,3,2005,2,1,2006,1
20050830,8/30/2005,3,Tuesday,Martes,Mardi,30,242,36,August,Agosto,Août,8,3,2005,2,1,2006,1
20050831,8/31/2005,4,Wednesday,Miércoles,Mercredi,31,243,36,August,Agosto,Août,8,3,2005,2,1,2006,1
20050901,9/1/2005,5,Thursday,Jueves,Jeudi,1,244,36,September,Septiembre,Septembre,9,3,2005,2,1,2006,1
20050902,9/2/2005,6,Friday,Viernes,Vendredi,2,245,36,September,Septiembre,Septembre,9,3,2005,2,1,2006,1
20050903,9/3/2005,7,Saturday,Sábado,Samedi,3,246,36,September,Septiembre,Septembre,9,3,2005,2,1,2006,1
20050904,9/4/2005,1,Sunday,Domingo,Dimanche,4,247,37,September,Septiembre,Septembre,9,3,2005,2,1,2006,1
20050905,9/5/2005,2,Monday,Lunes,Lundi,5,248,37,September,Septiembre,Septembre,9,3,2005,2,1,2006,1
20050906,9/6/2005,3,Tuesday,Martes,Mardi,6,249,37,September,Septiembre,Septembre,9,3,2005,2,1,2006,1
20050907,9/7/2005,4,Wednesday,Miércoles,Mercredi,7,250,37,September,Septiembre,Septembre,9,3,2005,2,1,2006,1
20050908,9/8/2005,5,Thursday,Jueves,Jeudi,8,251,37,September,Septiembre,Septembre,9,3,2005,2,1,2006,1
20050909,9/9/2005,6,Friday,Viernes,Vendredi,9,252,37,September,Septiembre,Septembre,9,3,2005,2,1,2006,1
20050910,9/10/2005,7,Saturday,Sábado,Samedi,10,253,37,September,Septiembre,Septembre,9,3,2005,2,1,2006,1
20050911,9/11/2005,1,Sunday,Domingo,Dimanche,11,254,38,September,Septiembre,Septembre,9,3,2005,2,1,2006,1
20050912,9/12/2005,2,Monday,Lunes,Lundi,12,255,38,September,Septiembre,Septembre,9,3,2005,2,1,2006,1
20050913,9/13/2005,3,Tuesday,Martes,Mardi,13,256,38,September,Septiembre,Septembre,9,3,2005,2,1,2006,1
20050914,9/14/2005,4,Wednesday,Miércoles,Mercredi,14,257,38,September,Septiembre,Septembre,9,3,2005,2,1,2006,1
20050915,9/15/2005,5,Thursday,Jueves,Jeudi,15,258,38,September,Septiembre,Septembre,9,3,2005,2,1,2006,1
20050916,9/16/2005,6,Friday,Viernes,Vendredi,16,259,38,September,Septiembre,Septembre,9,3,2005,2,1,2006,1
20050917,9/17/2005,7,Saturday,Sábado,Samedi,17,260,38,September,Septiembre,Septembre,9,3,2005,2,1,2006,1
20050918,9/18/2005,1,Sunday,Domingo,Dimanche,18,261,39,September,Septiembre,Septembre,9,3,2005,2,1,2006,1
20050919,9/19/2005,2,Monday,Lunes,Lundi,19,262,39,September,Septiembre,Septembre,9,3,2005,2,1,2006,1
20050920,9/20/2005,3,Tuesday,Martes,Mardi,20,263,39,September,Septiembre,Septembre,9,3,2005,2,1,2006,1
20050921,9/21/2005,4,Wednesday,Miércoles,Mercredi,21,264,39,September,Septiembre,Septembre,9,3,2005,2,1,2006,1
20050922,9/22/2005,5,Thursday,Jueves,Jeudi,22,265,39,September,Septiembre,Septembre,9,3,2005,2,1,2006,1
20050923,9/23/2005,6,Friday,Viernes,Vendredi,23,266,39,September,Septiembre,Septembre,9,3,2005,2,1,2006,1
20050924,9/24/2005,7,Saturday,Sábado,Samedi,24,267,39,September,Septiembre,Septembre,9,3,2005,2,1,2006,1
20050925,9/25/2005,1,Sunday,Domingo,Dimanche,25,268,40,September,Septiembre,Septembre,9,3,2005,2,1,2006,1
20050926,9/26/2005,2,Monday,Lunes,Lundi,26,269,40,September,Septiembre,Septembre,9,3,2005,2,1,2006,1
20050927,9/27/2005,3,Tuesday,Martes,Mardi,27,270,40,September,Septiembre,Septembre,9,3,2005,2,1,2006,1
20050928,9/28/2005,4,Wednesday,Miércoles,Mercredi,28,271,40,September,Septiembre,Septembre,9,3,2005,2,1,2006,1
20050929,9/29/2005,5,Thursday,Jueves,Jeudi,29,272,40,September,Septiembre,Septembre,9,3,2005,2,1,2006,1
20050930,9/30/2005,6,Friday,Viernes,Vendredi,30,273,40,September,Septiembre,Septembre,9,3,2005,2,1,2006,1
20051001,10/1/2005,7,Saturday,Sábado,Samedi,1,274,40,October,Octubre,Octobre,10,4,2005,2,2,2006,1
20051002,10/2/2005,1,Sunday,Domingo,Dimanche,2,275,41,October,Octubre,Octobre,10,4,2005,2,2,2006,1
20051003,10/3/2005,2,Monday,Lunes,Lundi,3,276,41,October,Octubre,Octobre,10,4,2005,2,2,2006,1
20051004,10/4/2005,3,Tuesday,Martes,Mardi,4,277,41,October,Octubre,Octobre,10,4,2005,2,2,2006,1
20051005,10/5/2005,4,Wednesday,Miércoles,Mercredi,5,278,41,October,Octubre,Octobre,10,4,2005,2,2,2006,1
20051006,10/6/2005,5,Thursday,Jueves,Jeudi,6,279,41,October,Octubre,Octobre,10,4,2005,2,2,2006,1
20051007,10/7/2005,6,Friday,Viernes,Vendredi,7,280,41,October,Octubre,Octobre,10,4,2005,2,2,2006,1
20051008,10/8/2005,7,Saturday,Sábado,Samedi,8,281,41,October,Octubre,Octobre,10,4,2005,2,2,2006,1
20051009,10/9/2005,1,Sunday,Domingo,Dimanche,9,282,42,October,Octubre,Octobre,10,4,2005,2,2,2006,1
20051010,10/10/2005,2,Monday,Lunes,Lundi,10,283,42,October,Octubre,Octobre,10,4,2005,2,2,2006,1
20051011,10/11/2005,3,Tuesday,Martes,Mardi,11,284,42,October,Octubre,Octobre,10,4,2005,2,2,2006,1
20051012,10/12/2005,4,Wednesday,Miércoles,Mercredi,12,285,42,October,Octubre,Octobre,10,4,2005,2,2,2006,1
20051013,10/13/2005,5,Thursday,Jueves,Jeudi,13,286,42,October,Octubre,Octobre,10,4,2005,2,2,2006,1
20051014,10/14/2005,6,Friday,Viernes,Vendredi,14,287,42,October,Octubre,Octobre,10,4,2005,2,2,2006,1
20051015,10/15/2005,7,Saturday,Sábado,Samedi,15,288,42,October,Octubre,Octobre,10,4,2005,2,2,2006,1
20051016,10/16/2005,1,Sunday,Domingo,Dimanche,16,289,43,October,Octubre,Octobre,10,4,2005,2,2,2006,1
20051017,10/17/2005,2,Monday,Lunes,Lundi,17,290,43,October,Octubre,Octobre,10,4,2005,2,2,2006,1
20051018,10/18/2005,3,Tuesday,Martes,Mardi,18,291,43,October,Octubre,Octobre,10,4,2005,2,2,2006,1
20051019,10/19/2005,4,Wednesday,Miércoles,Mercredi,19,292,43,October,Octubre,Octobre,10,4,2005,2,2,2006,1
20051020,10/20/2005,5,Thursday,Jueves,Jeudi,20,293,43,October,Octubre,Octobre,10,4,2005,2,2,2006,1
20051021,10/21/2005,6,Friday,Viernes,Vendredi,21,294,43,October,Octubre,Octobre,10,4,2005,2,2,2006,1
20051022,10/22/2005,7,Saturday,Sábado,Samedi,22,295,43,October,Octubre,Octobre,10,4,2005,2,2,2006,1
20051023,10/23/2005,1,Sunday,Domingo,Dimanche,23,296,44,October,Octubre,Octobre,10,4,2005,2,2,2006,1
20051024,10/24/2005,2,Monday,Lunes,Lundi,24,297,44,October,Octubre,Octobre,10,4,2005,2,2,2006,1
20051025,10/25/2005,3,Tuesday,Martes,Mardi,25,298,44,October,Octubre,Octobre,10,4,2005,2,2,2006,1
20051026,10/26/2005,4,Wednesday,Miércoles,Mercredi,26,299,44,October,Octubre,Octobre,10,4,2005,2,2,2006,1
20051027,10/27/2005,5,Thursday,Jueves,Jeudi,27,300,44,October,Octubre,Octobre,10,4,2005,2,2,2006,1
20051028,10/28/2005,6,Friday,Viernes,Vendredi,28,301,44,October,Octubre,Octobre,10,4,2005,2,2,2006,1
20051029,10/29/2005,7,Saturday,Sábado,Samedi,29,302,44,October,Octubre,Octobre,10,4,2005,2,2,2006,1
20051030,10/30/2005,1,Sunday,Domingo,Dimanche,30,303,45,October,Octubre,Octobre,10,4,2005,2,2,2006,1
20051031,10/31/2005,2,Monday,Lunes,Lundi,31,304,45,October,Octubre,Octobre,10,4,2005,2,2,2006,1
20051101,11/1/2005,3,Tuesday,Martes,Mardi,1,305,45,November,Noviembre,Novembre,11,4,2005,2,2,2006,1
20051102,11/2/2005,4,Wednesday,Miércoles,Mercredi,2,306,45,November,Noviembre,Novembre,11,4,2005,2,2,2006,1
20051103,11/3/2005,5,Thursday,Jueves,Jeudi,3,307,45,November,Noviembre,Novembre,11,4,2005,2,2,2006,1
20051104,11/4/2005,6,Friday,Viernes,Vendredi,4,308,45,November,Noviembre,Novembre,11,4,2005,2,2,2006,1
20051105,11/5/2005,7,Saturday,Sábado,Samedi,5,309,45,November,Noviembre,Novembre,11,4,2005,2,2,2006,1
20051106,11/6/2005,1,Sunday,Domingo,Dimanche,6,310,46,November,Noviembre,Novembre,11,4,2005,2,2,2006,1
20051107,11/7/2005,2,Monday,Lunes,Lundi,7,311,46,November,Noviembre,Novembre,11,4,2005,2,2,2006,1
20051108,11/8/2005,3,Tuesday,Martes,Mardi,8,312,46,November,Noviembre,Novembre,11,4,2005,2,2,2006,1
20051109,11/9/2005,4,Wednesday,Miércoles,Mercredi,9,313,46,November,Noviembre,Novembre,11,4,2005,2,2,2006,1
20051110,11/10/2005,5,Thursday,Jueves,Jeudi,10,314,46,November,Noviembre,Novembre,11,4,2005,2,2,2006,1
20051111,11/11/2005,6,Friday,Viernes,Vendredi,11,315,46,November,Noviembre,Novembre,11,4,2005,2,2,2006,1
20051112,11/12/2005,7,Saturday,Sábado,Samedi,12,316,46,November,Noviembre,Novembre,11,4,2005,2,2,2006,1
20051113,11/13/2005,1,Sunday,Domingo,Dimanche,13,317,47,November,Noviembre,Novembre,11,4,2005,2,2,2006,1
20051114,11/14/2005,2,Monday,Lunes,Lundi,14,318,47,November,Noviembre,Novembre,11,4,2005,2,2,2006,1
20051115,11/15/2005,3,Tuesday,Martes,Mardi,15,319,47,November,Noviembre,Novembre,11,4,2005,2,2,2006,1
20051116,11/16/2005,4,Wednesday,Miércoles,Mercredi,16,320,47,November,Noviembre,Novembre,11,4,2005,2,2,2006,1
20051117,11/17/2005,5,Thursday,Jueves,Jeudi,17,321,47,November,Noviembre,Novembre,11,4,2005,2,2,2006,1
20051118,11/18/2005,6,Friday,Viernes,Vendredi,18,322,47,November,Noviembre,Novembre,11,4,2005,2,2,2006,1
20051119,11/19/2005,7,Saturday,Sábado,Samedi,19,323,47,November,Noviembre,Novembre,11,4,2005,2,2,2006,1
20051120,11/20/2005,1,Sunday,Domingo,Dimanche,20,324,48,November,Noviembre,Novembre,11,4,2005,2,2,2006,1
20051121,11/21/2005,2,Monday,Lunes,Lundi,21,325,48,November,Noviembre,Novembre,11,4,2005,2,2,2006,1
20051122,11/22/2005,3,Tuesday,Martes,Mardi,22,326,48,November,Noviembre,Novembre,11,4,2005,2,2,2006,1
20051123,11/23/2005,4,Wednesday,Miércoles,Mercredi,23,327,48,November,Noviembre,Novembre,11,4,2005,2,2,2006,1
20051124,11/24/2005,5,Thursday,Jueves,Jeudi,24,328,48,November,Noviembre,Novembre,11,4,2005,2,2,2006,1
20051125,11/25/2005,6,Friday,Viernes,Vendredi,25,329,48,November,Noviembre,Novembre,11,4,2005,2,2,2006,1
20051126,11/26/2005,7,Saturday,Sábado,Samedi,26,330,48,November,Noviembre,Novembre,11,4,2005,2,2,2006,1
20051127,11/27/2005,1,Sunday,Domingo,Dimanche,27,331,49,November,Noviembre,Novembre,11,4,2005,2,2,2006,1
20051128,11/28/2005,2,Monday,Lunes,Lundi,28,332,49,November,Noviembre,Novembre,11,4,2005,2,2,2006,1
20051129,11/29/2005,3,Tuesday,Martes,Mardi,29,333,49,November,Noviembre,Novembre,11,4,2005,2,2,2006,1
20051130,11/30/2005,4,Wednesday,Miércoles,Mercredi,30,334,49,November,Noviembre,Novembre,11,4,2005,2,2,2006,1
20051201,12/1/2005,5,Thursday,Jueves,Jeudi,1,335,49,December,Diciembre,Décembre,12,4,2005,2,2,2006,1
20051202,12/2/2005,6,Friday,Viernes,Vendredi,2,336,49,December,Diciembre,Décembre,12,4,2005,2,2,2006,1
20051203,12/3/2005,7,Saturday,Sábado,Samedi,3,337,49,December,Diciembre,Décembre,12,4,2005,2,2,2006,1
20051204,12/4/2005,1,Sunday,Domingo,Dimanche,4,338,50,December,Diciembre,Décembre,12,4,2005,2,2,2006,1
20051205,12/5/2005,2,Monday,Lunes,Lundi,5,339,50,December,Diciembre,Décembre,12,4,2005,2,2,2006,1
20051206,12/6/2005,3,Tuesday,Martes,Mardi,6,340,50,December,Diciembre,Décembre,12,4,2005,2,2,2006,1
20051207,12/7/2005,4,Wednesday,Miércoles,Mercredi,7,341,50,December,Diciembre,Décembre,12,4,2005,2,2,2006,1
20051208,12/8/2005,5,Thursday,Jueves,Jeudi,8,342,50,December,Diciembre,Décembre,12,4,2005,2,2,2006,1
20051209,12/9/2005,6,Friday,Viernes,Vendredi,9,343,50,December,Diciembre,Décembre,12,4,2005,2,2,2006,1
20051210,12/10/2005,7,Saturday,Sábado,Samedi,10,344,50,December,Diciembre,Décembre,12,4,2005,2,2,2006,1
20051211,12/11/2005,1,Sunday,Domingo,Dimanche,11,345,51,December,Diciembre,Décembre,12,4,2005,2,2,2006,1
20051212,12/12/2005,2,Monday,Lunes,Lundi,12,346,51,December,Diciembre,Décembre,12,4,2005,2,2,2006,1
20051213,12/13/2005,3,Tuesday,Martes,Mardi,13,347,51,December,Diciembre,Décembre,12,4,2005,2,2,2006,1
20051214,12/14/2005,4,Wednesday,Miércoles,Mercredi,14,348,51,December,Diciembre,Décembre,12,4,2005,2,2,2006,1
20051215,12/15/2005,5,Thursday,Jueves,Jeudi,15,349,51,December,Diciembre,Décembre,12,4,2005,2,2,2006,1
20051216,12/16/2005,6,Friday,Viernes,Vendredi,16,350,51,December,Diciembre,Décembre,12,4,2005,2,2,2006,1
20051217,12/17/2005,7,Saturday,Sábado,Samedi,17,351,51,December,Diciembre,Décembre,12,4,2005,2,2,2006,1
20051218,12/18/2005,1,Sunday,Domingo,Dimanche,18,352,52,December,Diciembre,Décembre,12,4,2005,2,2,2006,1
20051219,12/19/2005,2,Monday,Lunes,Lundi,19,353,52,December,Diciembre,Décembre,12,4,2005,2,2,2006,1
20051220,12/20/2005,3,Tuesday,Martes,Mardi,20,354,52,December,Diciembre,Décembre,12,4,2005,2,2,2006,1
20051221,12/21/2005,4,Wednesday,Miércoles,Mercredi,21,355,52,December,Diciembre,Décembre,12,4,2005,2,2,2006,1
20051222,12/22/2005,5,Thursday,Jueves,Jeudi,22,356,52,December,Diciembre,Décembre,12,4,2005,2,2,2006,1
20051223,12/23/2005,6,Friday,Viernes,Vendredi,23,357,52,December,Diciembre,Décembre,12,4,2005,2,2,2006,1
20051224,12/24/2005,7,Saturday,Sábado,Samedi,24,358,52,December,Diciembre,Décembre,12,4,2005,2,2,2006,1
20051225,12/25/2005,1,Sunday,Domingo,Dimanche,25,359,53,December,Diciembre,Décembre,12,4,2005,2,2,2006,1
20051226,12/26/2005,2,Monday,Lunes,Lundi,26,360,53,December,Diciembre,Décembre,12,4,2005,2,2,2006,1
20051227,12/27/2005,3,Tuesday,Martes,Mardi,27,361,53,December,Diciembre,Décembre,12,4,2005,2,2,2006,1
20051228,12/28/2005,4,Wednesday,Miércoles,Mercredi,28,362,53,December,Diciembre,Décembre,12,4,2005,2,2,2006,1
20051229,12/29/2005,5,Thursday,Jueves,Jeudi,29,363,53,December,Diciembre,Décembre,12,4,2005,2,2,2006,1
20051230,12/30/2005,6,Friday,Viernes,Vendredi,30,364,53,December,Diciembre,Décembre,12,4,2005,2,2,2006,1
20051231,12/31/2005,7,Saturday,Sábado,Samedi,31,365,53,December,Diciembre,Décembre,12,4,2005,2,2,2006,1
20060101,1/1/2006,1,Sunday,Domingo,Dimanche,1,1,1,January,Enero,Janvier,1,1,2006,1,3,2006,2
20060102,1/2/2006,2,Monday,Lunes,Lundi,2,2,1,January,Enero,Janvier,1,1,2006,1,3,2006,2
20060103,1/3/2006,3,Tuesday,Martes,Mardi,3,3,1,January,Enero,Janvier,1,1,2006,1,3,2006,2
20060104,1/4/2006,4,Wednesday,Miércoles,Mercredi,4,4,1,January,Enero,Janvier,1,1,2006,1,3,2006,2
20060105,1/5/2006,5,Thursday,Jueves,Jeudi,5,5,1,January,Enero,Janvier,1,1,2006,1,3,2006,2
20060106,1/6/2006,6,Friday,Viernes,Vendredi,6,6,1,January,Enero,Janvier,1,1,2006,1,3,2006,2
20060107,1/7/2006,7,Saturday,Sábado,Samedi,7,7,1,January,Enero,Janvier,1,1,2006,1,3,2006,2
20060108,1/8/2006,1,Sunday,Domingo,Dimanche,8,8,2,January,Enero,Janvier,1,1,2006,1,3,2006,2
20060109,1/9/2006,2,Monday,Lunes,Lundi,9,9,2,January,Enero,Janvier,1,1,2006,1,3,2006,2
20060110,1/10/2006,3,Tuesday,Martes,Mardi,10,10,2,January,Enero,Janvier,1,1,2006,1,3,2006,2
20060111,1/11/2006,4,Wednesday,Miércoles,Mercredi,11,11,2,January,Enero,Janvier,1,1,2006,1,3,2006,2
20060112,1/12/2006,5,Thursday,Jueves,Jeudi,12,12,2,January,Enero,Janvier,1,1,2006,1,3,2006,2
20060113,1/13/2006,6,Friday,Viernes,Vendredi,13,13,2,January,Enero,Janvier,1,1,2006,1,3,2006,2
20060114,1/14/2006,7,Saturday,Sábado,Samedi,14,14,2,January,Enero,Janvier,1,1,2006,1,3,2006,2
20060115,1/15/2006,1,Sunday,Domingo,Dimanche,15,15,3,January,Enero,Janvier,1,1,2006,1,3,2006,2
20060116,1/16/2006,2,Monday,Lunes,Lundi,16,16,3,January,Enero,Janvier,1,1,2006,1,3,2006,2
20060117,1/17/2006,3,Tuesday,Martes,Mardi,17,17,3,January,Enero,Janvier,1,1,2006,1,3,2006,2
20060118,1/18/2006,4,Wednesday,Miércoles,Mercredi,18,18,3,January,Enero,Janvier,1,1,2006,1,3,2006,2
20060119,1/19/2006,5,Thursday,Jueves,Jeudi,19,19,3,January,Enero,Janvier,1,1,2006,1,3,2006,2
20060120,1/20/2006,6,Friday,Viernes,Vendredi,20,20,3,January,Enero,Janvier,1,1,2006,1,3,2006,2
20060121,1/21/2006,7,Saturday,Sábado,Samedi,21,21,3,January,Enero,Janvier,1,1,2006,1,3,2006,2
20060122,1/22/2006,1,Sunday,Domingo,Dimanche,22,22,4,January,Enero,Janvier,1,1,2006,1,3,2006,2
20060123,1/23/2006,2,Monday,Lunes,Lundi,23,23,4,January,Enero,Janvier,1,1,2006,1,3,2006,2
20060124,1/24/2006,3,Tuesday,Martes,Mardi,24,24,4,January,Enero,Janvier,1,1,2006,1,3,2006,2
20060125,1/25/2006,4,Wednesday,Miércoles,Mercredi,25,25,4,January,Enero,Janvier,1,1,2006,1,3,2006,2
20060126,1/26/2006,5,Thursday,Jueves,Jeudi,26,26,4,January,Enero,Janvier,1,1,2006,1,3,2006,2
20060127,1/27/2006,6,Friday,Viernes,Vendredi,27,27,4,January,Enero,Janvier,1,1,2006,1,3,2006,2
20060128,1/28/2006,7,Saturday,Sábado,Samedi,28,28,4,January,Enero,Janvier,1,1,2006,1,3,2006,2
20060129,1/29/2006,1,Sunday,Domingo,Dimanche,29,29,5,January,Enero,Janvier,1,1,2006,1,3,2006,2
20060130,1/30/2006,2,Monday,Lunes,Lundi,30,30,5,January,Enero,Janvier,1,1,2006,1,3,2006,2
20060131,1/31/2006,3,Tuesday,Martes,Mardi,31,31,5,January,Enero,Janvier,1,1,2006,1,3,2006,2
20060201,2/1/2006,4,Wednesday,Miércoles,Mercredi,1,32,5,February,Febrero,Février,2,1,2006,1,3,2006,2
20060202,2/2/2006,5,Thursday,Jueves,Jeudi,2,33,5,February,Febrero,Février,2,1,2006,1,3,2006,2
20060203,2/3/2006,6,Friday,Viernes,Vendredi,3,34,5,February,Febrero,Février,2,1,2006,1,3,2006,2
20060204,2/4/2006,7,Saturday,Sábado,Samedi,4,35,5,February,Febrero,Février,2,1,2006,1,3,2006,2
20060205,2/5/2006,1,Sunday,Domingo,Dimanche,5,36,6,February,Febrero,Février,2,1,2006,1,3,2006,2
20060206,2/6/2006,2,Monday,Lunes,Lundi,6,37,6,February,Febrero,Février,2,1,2006,1,3,2006,2
20060207,2/7/2006,3,Tuesday,Martes,Mardi,7,38,6,February,Febrero,Février,2,1,2006,1,3,2006,2
20060208,2/8/2006,4,Wednesday,Miércoles,Mercredi,8,39,6,February,Febrero,Février,2,1,2006,1,3,2006,2
20060209,2/9/2006,5,Thursday,Jueves,Jeudi,9,40,6,February,Febrero,Février,2,1,2006,1,3,2006,2
20060210,2/10/2006,6,Friday,Viernes,Vendredi,10,41,6,February,Febrero,Février,2,1,2006,1,3,2006,2
20060211,2/11/2006,7,Saturday,Sábado,Samedi,11,42,6,February,Febrero,Février,2,1,2006,1,3,2006,2
20060212,2/12/2006,1,Sunday,Domingo,Dimanche,12,43,7,February,Febrero,Février,2,1,2006,1,3,2006,2
20060213,2/13/2006,2,Monday,Lunes,Lundi,13,44,7,February,Febrero,Février,2,1,2006,1,3,2006,2
20060214,2/14/2006,3,Tuesday,Martes,Mardi,14,45,7,February,Febrero,Février,2,1,2006,1,3,2006,2
20060215,2/15/2006,4,Wednesday,Miércoles,Mercredi,15,46,7,February,Febrero,Février,2,1,2006,1,3,2006,2
20060216,2/16/2006,5,Thursday,Jueves,Jeudi,16,47,7,February,Febrero,Février,2,1,2006,1,3,2006,2
20060217,2/17/2006,6,Friday,Viernes,Vendredi,17,48,7,February,Febrero,Février,2,1,2006,1,3,2006,2
20060218,2/18/2006,7,Saturday,Sábado,Samedi,18,49,7,February,Febrero,Février,2,1,2006,1,3,2006,2
20060219,2/19/2006,1,Sunday,Domingo,Dimanche,19,50,8,February,Febrero,Février,2,1,2006,1,3,2006,2
20060220,2/20/2006,2,Monday,Lunes,Lundi,20,51,8,February,Febrero,Février,2,1,2006,1,3,2006,2
20060221,2/21/2006,3,Tuesday,Martes,Mardi,21,52,8,February,Febrero,Février,2,1,2006,1,3,2006,2
20060222,2/22/2006,4,Wednesday,Miércoles,Mercredi,22,53,8,February,Febrero,Février,2,1,2006,1,3,2006,2
20060223,2/23/2006,5,Thursday,Jueves,Jeudi,23,54,8,February,Febrero,Février,2,1,2006,1,3,2006,2
20060224,2/24/2006,6,Friday,Viernes,Vendredi,24,55,8,February,Febrero,Février,2,1,2006,1,3,2006,2
20060225,2/25/2006,7,Saturday,Sábado,Samedi,25,56,8,February,Febrero,Février,2,1,2006,1,3,2006,2
20060226,2/26/2006,1,Sunday,Domingo,Dimanche,26,57,9,February,Febrero,Février,2,1,2006,1,3,2006,2
20060227,2/27/2006,2,Monday,Lunes,Lundi,27,58,9,February,Febrero,Février,2,1,2006,1,3,2006,2
20060228,2/28/2006,3,Tuesday,Martes,Mardi,28,59,9,February,Febrero,Février,2,1,2006,1,3,2006,2
20060301,3/1/2006,4,Wednesday,Miércoles,Mercredi,1,60,9,March,Marzo,Mars,3,1,2006,1,3,2006,2
20060302,3/2/2006,5,Thursday,Jueves,Jeudi,2,61,9,March,Marzo,Mars,3,1,2006,1,3,2006,2
20060303,3/3/2006,6,Friday,Viernes,Vendredi,3,62,9,March,Marzo,Mars,3,1,2006,1,3,2006,2
20060304,3/4/2006,7,Saturday,Sábado,Samedi,4,63,9,March,Marzo,Mars,3,1,2006,1,3,2006,2
20060305,3/5/2006,1,Sunday,Domingo,Dimanche,5,64,10,March,Marzo,Mars,3,1,2006,1,3,2006,2
20060306,3/6/2006,2,Monday,Lunes,Lundi,6,65,10,March,Marzo,Mars,3,1,2006,1,3,2006,2
20060307,3/7/2006,3,Tuesday,Martes,Mardi,7,66,10,March,Marzo,Mars,3,1,2006,1,3,2006,2
20060308,3/8/2006,4,Wednesday,Miércoles,Mercredi,8,67,10,March,Marzo,Mars,3,1,2006,1,3,2006,2
20060309,3/9/2006,5,Thursday,Jueves,Jeudi,9,68,10,March,Marzo,Mars,3,1,2006,1,3,2006,2
20060310,3/10/2006,6,Friday,Viernes,Vendredi,10,69,10,March,Marzo,Mars,3,1,2006,1,3,2006,2
20060311,3/11/2006,7,Saturday,Sábado,Samedi,11,70,10,March,Marzo,Mars,3,1,2006,1,3,2006,2
20060312,3/12/2006,1,Sunday,Domingo,Dimanche,12,71,11,March,Marzo,Mars,3,1,2006,1,3,2006,2
20060313,3/13/2006,2,Monday,Lunes,Lundi,13,72,11,March,Marzo,Mars,3,1,2006,1,3,2006,2
20060314,3/14/2006,3,Tuesday,Martes,Mardi,14,73,11,March,Marzo,Mars,3,1,2006,1,3,2006,2
20060315,3/15/2006,4,Wednesday,Miércoles,Mercredi,15,74,11,March,Marzo,Mars,3,1,2006,1,3,2006,2
20060316,3/16/2006,5,Thursday,Jueves,Jeudi,16,75,11,March,Marzo,Mars,3,1,2006,1,3,2006,2
20060317,3/17/2006,6,Friday,Viernes,Vendredi,17,76,11,March,Marzo,Mars,3,1,2006,1,3,2006,2
20060318,3/18/2006,7,Saturday,Sábado,Samedi,18,77,11,March,Marzo,Mars,3,1,2006,1,3,2006,2
20060319,3/19/2006,1,Sunday,Domingo,Dimanche,19,78,12,March,Marzo,Mars,3,1,2006,1,3,2006,2
20060320,3/20/2006,2,Monday,Lunes,Lundi,20,79,12,March,Marzo,Mars,3,1,2006,1,3,2006,2
20060321,3/21/2006,3,Tuesday,Martes,Mardi,21,80,12,March,Marzo,Mars,3,1,2006,1,3,2006,2
20060322,3/22/2006,4,Wednesday,Miércoles,Mercredi,22,81,12,March,Marzo,Mars,3,1,2006,1,3,2006,2
20060323,3/23/2006,5,Thursday,Jueves,Jeudi,23,82,12,March,Marzo,Mars,3,1,2006,1,3,2006,2
20060324,3/24/2006,6,Friday,Viernes,Vendredi,24,83,12,March,Marzo,Mars,3,1,2006,1,3,2006,2
20060325,3/25/2006,7,Saturday,Sábado,Samedi,25,84,12,March,Marzo,Mars,3,1,2006,1,3,2006,2
20060326,3/26/2006,1,Sunday,Domingo,Dimanche,26,85,13,March,Marzo,Mars,3,1,2006,1,3,2006,2
20060327,3/27/2006,2,Monday,Lunes,Lundi,27,86,13,March,Marzo,Mars,3,1,2006,1,3,2006,2
20060328,3/28/2006,3,Tuesday,Martes,Mardi,28,87,13,March,Marzo,Mars,3,1,2006,1,3,2006,2
20060329,3/29/2006,4,Wednesday,Miércoles,Mercredi,29,88,13,March,Marzo,Mars,3,1,2006,1,3,2006,2
20060330,3/30/2006,5,Thursday,Jueves,Jeudi,30,89,13,March,Marzo,Mars,3,1,2006,1,3,2006,2
20060331,3/31/2006,6,Friday,Viernes,Vendredi,31,90,13,March,Marzo,Mars,3,1,2006,1,3,2006,2
20060401,4/1/2006,7,Saturday,Sábado,Samedi,1,91,13,April,Abril,Avril,4,2,2006,1,4,2006,2
20060402,4/2/2006,1,Sunday,Domingo,Dimanche,2,92,14,April,Abril,Avril,4,2,2006,1,4,2006,2
20060403,4/3/2006,2,Monday,Lunes,Lundi,3,93,14,April,Abril,Avril,4,2,2006,1,4,2006,2
20060404,4/4/2006,3,Tuesday,Martes,Mardi,4,94,14,April,Abril,Avril,4,2,2006,1,4,2006,2
20060405,4/5/2006,4,Wednesday,Miércoles,Mercredi,5,95,14,April,Abril,Avril,4,2,2006,1,4,2006,2
20060406,4/6/2006,5,Thursday,Jueves,Jeudi,6,96,14,April,Abril,Avril,4,2,2006,1,4,2006,2
20060407,4/7/2006,6,Friday,Viernes,Vendredi,7,97,14,April,Abril,Avril,4,2,2006,1,4,2006,2
20060408,4/8/2006,7,Saturday,Sábado,Samedi,8,98,14,April,Abril,Avril,4,2,2006,1,4,2006,2
20060409,4/9/2006,1,Sunday,Domingo,Dimanche,9,99,15,April,Abril,Avril,4,2,2006,1,4,2006,2
20060410,4/10/2006,2,Monday,Lunes,Lundi,10,100,15,April,Abril,Avril,4,2,2006,1,4,2006,2
20060411,4/11/2006,3,Tuesday,Martes,Mardi,11,101,15,April,Abril,Avril,4,2,2006,1,4,2006,2
20060412,4/12/2006,4,Wednesday,Miércoles,Mercredi,12,102,15,April,Abril,Avril,4,2,2006,1,4,2006,2
20060413,4/13/2006,5,Thursday,Jueves,Jeudi,13,103,15,April,Abril,Avril,4,2,2006,1,4,2006,2
20060414,4/14/2006,6,Friday,Viernes,Vendredi,14,104,15,April,Abril,Avril,4,2,2006,1,4,2006,2
20060415,4/15/2006,7,Saturday,Sábado,Samedi,15,105,15,April,Abril,Avril,4,2,2006,1,4,2006,2
20060416,4/16/2006,1,Sunday,Domingo,Dimanche,16,106,16,April,Abril,Avril,4,2,2006,1,4,2006,2
20060417,4/17/2006,2,Monday,Lunes,Lundi,17,107,16,April,Abril,Avril,4,2,2006,1,4,2006,2
20060418,4/18/2006,3,Tuesday,Martes,Mardi,18,108,16,April,Abril,Avril,4,2,2006,1,4,2006,2
20060419,4/19/2006,4,Wednesday,Miércoles,Mercredi,19,109,16,April,Abril,Avril,4,2,2006,1,4,2006,2
20060420,4/20/2006,5,Thursday,Jueves,Jeudi,20,110,16,April,Abril,Avril,4,2,2006,1,4,2006,2
20060421,4/21/2006,6,Friday,Viernes,Vendredi,21,111,16,April,Abril,Avril,4,2,2006,1,4,2006,2
20060422,4/22/2006,7,Saturday,Sábado,Samedi,22,112,16,April,Abril,Avril,4,2,2006,1,4,2006,2
20060423,4/23/2006,1,Sunday,Domingo,Dimanche,23,113,17,April,Abril,Avril,4,2,2006,1,4,2006,2
20060424,4/24/2006,2,Monday,Lunes,Lundi,24,114,17,April,Abril,Avril,4,2,2006,1,4,2006,2
20060425,4/25/2006,3,Tuesday,Martes,Mardi,25,115,17,April,Abril,Avril,4,2,2006,1,4,2006,2
20060426,4/26/2006,4,Wednesday,Miércoles,Mercredi,26,116,17,April,Abril,Avril,4,2,2006,1,4,2006,2
20060427,4/27/2006,5,Thursday,Jueves,Jeudi,27,117,17,April,Abril,Avril,4,2,2006,1,4,2006,2
20060428,4/28/2006,6,Friday,Viernes,Vendredi,28,118,17,April,Abril,Avril,4,2,2006,1,4,2006,2
20060429,4/29/2006,7,Saturday,Sábado,Samedi,29,119,17,April,Abril,Avril,4,2,2006,1,4,2006,2
20060430,4/30/2006,1,Sunday,Domingo,Dimanche,30,120,18,April,Abril,Avril,4,2,2006,1,4,2006,2
20060501,5/1/2006,2,Monday,Lunes,Lundi,1,121,18,May,Mayo,Mai,5,2,2006,1,4,2006,2
20060502,5/2/2006,3,Tuesday,Martes,Mardi,2,122,18,May,Mayo,Mai,5,2,2006,1,4,2006,2
20060503,5/3/2006,4,Wednesday,Miércoles,Mercredi,3,123,18,May,Mayo,Mai,5,2,2006,1,4,2006,2
20060504,5/4/2006,5,Thursday,Jueves,Jeudi,4,124,18,May,Mayo,Mai,5,2,2006,1,4,2006,2
20060505,5/5/2006,6,Friday,Viernes,Vendredi,5,125,18,May,Mayo,Mai,5,2,2006,1,4,2006,2
20060506,5/6/2006,7,Saturday,Sábado,Samedi,6,126,18,May,Mayo,Mai,5,2,2006,1,4,2006,2
20060507,5/7/2006,1,Sunday,Domingo,Dimanche,7,127,19,May,Mayo,Mai,5,2,2006,1,4,2006,2
20060508,5/8/2006,2,Monday,Lunes,Lundi,8,128,19,May,Mayo,Mai,5,2,2006,1,4,2006,2
20060509,5/9/2006,3,Tuesday,Martes,Mardi,9,129,19,May,Mayo,Mai,5,2,2006,1,4,2006,2
20060510,5/10/2006,4,Wednesday,Miércoles,Mercredi,10,130,19,May,Mayo,Mai,5,2,2006,1,4,2006,2
20060511,5/11/2006,5,Thursday,Jueves,Jeudi,11,131,19,May,Mayo,Mai,5,2,2006,1,4,2006,2
20060512,5/12/2006,6,Friday,Viernes,Vendredi,12,132,19,May,Mayo,Mai,5,2,2006,1,4,2006,2
20060513,5/13/2006,7,Saturday,Sábado,Samedi,13,133,19,May,Mayo,Mai,5,2,2006,1,4,2006,2
20060514,5/14/2006,1,Sunday,Domingo,Dimanche,14,134,20,May,Mayo,Mai,5,2,2006,1,4,2006,2
20060515,5/15/2006,2,Monday,Lunes,Lundi,15,135,20,May,Mayo,Mai,5,2,2006,1,4,2006,2
20060516,5/16/2006,3,Tuesday,Martes,Mardi,16,136,20,May,Mayo,Mai,5,2,2006,1,4,2006,2
20060517,5/17/2006,4,Wednesday,Miércoles,Mercredi,17,137,20,May,Mayo,Mai,5,2,2006,1,4,2006,2
20060518,5/18/2006,5,Thursday,Jueves,Jeudi,18,138,20,May,Mayo,Mai,5,2,2006,1,4,2006,2
20060519,5/19/2006,6,Friday,Viernes,Vendredi,19,139,20,May,Mayo,Mai,5,2,2006,1,4,2006,2
20060520,5/20/2006,7,Saturday,Sábado,Samedi,20,140,20,May,Mayo,Mai,5,2,2006,1,4,2006,2
20060521,5/21/2006,1,Sunday,Domingo,Dimanche,21,141,21,May,Mayo,Mai,5,2,2006,1,4,2006,2
20060522,5/22/2006,2,Monday,Lunes,Lundi,22,142,21,May,Mayo,Mai,5,2,2006,1,4,2006,2
20060523,5/23/2006,3,Tuesday,Martes,Mardi,23,143,21,May,Mayo,Mai,5,2,2006,1,4,2006,2
20060524,5/24/2006,4,Wednesday,Miércoles,Mercredi,24,144,21,May,Mayo,Mai,5,2,2006,1,4,2006,2
20060525,5/25/2006,5,Thursday,Jueves,Jeudi,25,145,21,May,Mayo,Mai,5,2,2006,1,4,2006,2
20060526,5/26/2006,6,Friday,Viernes,Vendredi,26,146,21,May,Mayo,Mai,5,2,2006,1,4,2006,2
20060527,5/27/2006,7,Saturday,Sábado,Samedi,27,147,21,May,Mayo,Mai,5,2,2006,1,4,2006,2
20060528,5/28/2006,1,Sunday,Domingo,Dimanche,28,148,22,May,Mayo,Mai,5,2,2006,1,4,2006,2
20060529,5/29/2006,2,Monday,Lunes,Lundi,29,149,22,May,Mayo,Mai,5,2,2006,1,4,2006,2
20060530,5/30/2006,3,Tuesday,Martes,Mardi,30,150,22,May,Mayo,Mai,5,2,2006,1,4,2006,2
20060531,5/31/2006,4,Wednesday,Miércoles,Mercredi,31,151,22,May,Mayo,Mai,5,2,2006,1,4,2006,2
20060601,6/1/2006,5,Thursday,Jueves,Jeudi,1,152,22,June,Junio,Juin,6,2,2006,1,4,2006,2
20060602,6/2/2006,6,Friday,Viernes,Vendredi,2,153,22,June,Junio,Juin,6,2,2006,1,4,2006,2
20060603,6/3/2006,7,Saturday,Sábado,Samedi,3,154,22,June,Junio,Juin,6,2,2006,1,4,2006,2
20060604,6/4/2006,1,Sunday,Domingo,Dimanche,4,155,23,June,Junio,Juin,6,2,2006,1,4,2006,2
20060605,6/5/2006,2,Monday,Lunes,Lundi,5,156,23,June,Junio,Juin,6,2,2006,1,4,2006,2
20060606,6/6/2006,3,Tuesday,Martes,Mardi,6,157,23,June,Junio,Juin,6,2,2006,1,4,2006,2
20060607,6/7/2006,4,Wednesday,Miércoles,Mercredi,7,158,23,June,Junio,Juin,6,2,2006,1,4,2006,2
20060608,6/8/2006,5,Thursday,Jueves,Jeudi,8,159,23,June,Junio,Juin,6,2,2006,1,4,2006,2
20060609,6/9/2006,6,Friday,Viernes,Vendredi,9,160,23,June,Junio,Juin,6,2,2006,1,4,2006,2
20060610,6/10/2006,7,Saturday,Sábado,Samedi,10,161,23,June,Junio,Juin,6,2,2006,1,4,2006,2
20060611,6/11/2006,1,Sunday,Domingo,Dimanche,11,162,24,June,Junio,Juin,6,2,2006,1,4,2006,2
20060612,6/12/2006,2,Monday,Lunes,Lundi,12,163,24,June,Junio,Juin,6,2,2006,1,4,2006,2
20060613,6/13/2006,3,Tuesday,Martes,Mardi,13,164,24,June,Junio,Juin,6,2,2006,1,4,2006,2
20060614,6/14/2006,4,Wednesday,Miércoles,Mercredi,14,165,24,June,Junio,Juin,6,2,2006,1,4,2006,2
20060615,6/15/2006,5,Thursday,Jueves,Jeudi,15,166,24,June,Junio,Juin,6,2,2006,1,4,2006,2
20060616,6/16/2006,6,Friday,Viernes,Vendredi,16,167,24,June,Junio,Juin,6,2,2006,1,4,2006,2
20060617,6/17/2006,7,Saturday,Sábado,Samedi,17,168,24,June,Junio,Juin,6,2,2006,1,4,2006,2
20060618,6/18/2006,1,Sunday,Domingo,Dimanche,18,169,25,June,Junio,Juin,6,2,2006,1,4,2006,2
20060619,6/19/2006,2,Monday,Lunes,Lundi,19,170,25,June,Junio,Juin,6,2,2006,1,4,2006,2
20060620,6/20/2006,3,Tuesday,Martes,Mardi,20,171,25,June,Junio,Juin,6,2,2006,1,4,2006,2
20060621,6/21/2006,4,Wednesday,Miércoles,Mercredi,21,172,25,June,Junio,Juin,6,2,2006,1,4,2006,2
20060622,6/22/2006,5,Thursday,Jueves,Jeudi,22,173,25,June,Junio,Juin,6,2,2006,1,4,2006,2
20060623,6/23/2006,6,Friday,Viernes,Vendredi,23,174,25,June,Junio,Juin,6,2,2006,1,4,2006,2
20060624,6/24/2006,7,Saturday,Sábado,Samedi,24,175,25,June,Junio,Juin,6,2,2006,1,4,2006,2
20060625,6/25/2006,1,Sunday,Domingo,Dimanche,25,176,26,June,Junio,Juin,6,2,2006,1,4,2006,2
20060626,6/26/2006,2,Monday,Lunes,Lundi,26,177,26,June,Junio,Juin,6,2,2006,1,4,2006,2
20060627,6/27/2006,3,Tuesday,Martes,Mardi,27,178,26,June,Junio,Juin,6,2,2006,1,4,2006,2
20060628,6/28/2006,4,Wednesday,Miércoles,Mercredi,28,179,26,June,Junio,Juin,6,2,2006,1,4,2006,2
20060629,6/29/2006,5,Thursday,Jueves,Jeudi,29,180,26,June,Junio,Juin,6,2,2006,1,4,2006,2
20060630,6/30/2006,6,Friday,Viernes,Vendredi,30,181,26,June,Junio,Juin,6,2,2006,1,4,2006,2
20060701,7/1/2006,7,Saturday,Sábado,Samedi,1,182,26,July,Julio,Juillet,7,3,2006,2,1,2007,1
20060702,7/2/2006,1,Sunday,Domingo,Dimanche,2,183,27,July,Julio,Juillet,7,3,2006,2,1,2007,1
20060703,7/3/2006,2,Monday,Lunes,Lundi,3,184,27,July,Julio,Juillet,7,3,2006,2,1,2007,1
20060704,7/4/2006,3,Tuesday,Martes,Mardi,4,185,27,July,Julio,Juillet,7,3,2006,2,1,2007,1
20060705,7/5/2006,4,Wednesday,Miércoles,Mercredi,5,186,27,July,Julio,Juillet,7,3,2006,2,1,2007,1
20060706,7/6/2006,5,Thursday,Jueves,Jeudi,6,187,27,July,Julio,Juillet,7,3,2006,2,1,2007,1
20060707,7/7/2006,6,Friday,Viernes,Vendredi,7,188,27,July,Julio,Juillet,7,3,2006,2,1,2007,1
20060708,7/8/2006,7,Saturday,Sábado,Samedi,8,189,27,July,Julio,Juillet,7,3,2006,2,1,2007,1
20060709,7/9/2006,1,Sunday,Domingo,Dimanche,9,190,28,July,Julio,Juillet,7,3,2006,2,1,2007,1
20060710,7/10/2006,2,Monday,Lunes,Lundi,10,191,28,July,Julio,Juillet,7,3,2006,2,1,2007,1
20060711,7/11/2006,3,Tuesday,Martes,Mardi,11,192,28,July,Julio,Juillet,7,3,2006,2,1,2007,1
20060712,7/12/2006,4,Wednesday,Miércoles,Mercredi,12,193,28,July,Julio,Juillet,7,3,2006,2,1,2007,1
20060713,7/13/2006,5,Thursday,Jueves,Jeudi,13,194,28,July,Julio,Juillet,7,3,2006,2,1,2007,1
20060714,7/14/2006,6,Friday,Viernes,Vendredi,14,195,28,July,Julio,Juillet,7,3,2006,2,1,2007,1
20060715,7/15/2006,7,Saturday,Sábado,Samedi,15,196,28,July,Julio,Juillet,7,3,2006,2,1,2007,1
20060716,7/16/2006,1,Sunday,Domingo,Dimanche,16,197,29,July,Julio,Juillet,7,3,2006,2,1,2007,1
20060717,7/17/2006,2,Monday,Lunes,Lundi,17,198,29,July,Julio,Juillet,7,3,2006,2,1,2007,1
20060718,7/18/2006,3,Tuesday,Martes,Mardi,18,199,29,July,Julio,Juillet,7,3,2006,2,1,2007,1
20060719,7/19/2006,4,Wednesday,Miércoles,Mercredi,19,200,29,July,Julio,Juillet,7,3,2006,2,1,2007,1
20060720,7/20/2006,5,Thursday,Jueves,Jeudi,20,201,29,July,Julio,Juillet,7,3,2006,2,1,2007,1
20060721,7/21/2006,6,Friday,Viernes,Vendredi,21,202,29,July,Julio,Juillet,7,3,2006,2,1,2007,1
20060722,7/22/2006,7,Saturday,Sábado,Samedi,22,203,29,July,Julio,Juillet,7,3,2006,2,1,2007,1
20060723,7/23/2006,1,Sunday,Domingo,Dimanche,23,204,30,July,Julio,Juillet,7,3,2006,2,1,2007,1
20060724,7/24/2006,2,Monday,Lunes,Lundi,24,205,30,July,Julio,Juillet,7,3,2006,2,1,2007,1
20060725,7/25/2006,3,Tuesday,Martes,Mardi,25,206,30,July,Julio,Juillet,7,3,2006,2,1,2007,1
20060726,7/26/2006,4,Wednesday,Miércoles,Mercredi,26,207,30,July,Julio,Juillet,7,3,2006,2,1,2007,1
20060727,7/27/2006,5,Thursday,Jueves,Jeudi,27,208,30,July,Julio,Juillet,7,3,2006,2,1,2007,1
20060728,7/28/2006,6,Friday,Viernes,Vendredi,28,209,30,July,Julio,Juillet,7,3,2006,2,1,2007,1
20060729,7/29/2006,7,Saturday,Sábado,Samedi,29,210,30,July,Julio,Juillet,7,3,2006,2,1,2007,1
20060730,7/30/2006,1,Sunday,Domingo,Dimanche,30,211,31,July,Julio,Juillet,7,3,2006,2,1,2007,1
20060731,7/31/2006,2,Monday,Lunes,Lundi,31,212,31,July,Julio,Juillet,7,3,2006,2,1,2007,1
20060801,8/1/2006,3,Tuesday,Martes,Mardi,1,213,31,August,Agosto,Août,8,3,2006,2,1,2007,1
20060802,8/2/2006,4,Wednesday,Miércoles,Mercredi,2,214,31,August,Agosto,Août,8,3,2006,2,1,2007,1
20060803,8/3/2006,5,Thursday,Jueves,Jeudi,3,215,31,August,Agosto,Août,8,3,2006,2,1,2007,1
20060804,8/4/2006,6,Friday,Viernes,Vendredi,4,216,31,August,Agosto,Août,8,3,2006,2,1,2007,1
20060805,8/5/2006,7,Saturday,Sábado,Samedi,5,217,31,August,Agosto,Août,8,3,2006,2,1,2007,1
20060806,8/6/2006,1,Sunday,Domingo,Dimanche,6,218,32,August,Agosto,Août,8,3,2006,2,1,2007,1
20060807,8/7/2006,2,Monday,Lunes,Lundi,7,219,32,August,Agosto,Août,8,3,2006,2,1,2007,1
20060808,8/8/2006,3,Tuesday,Martes,Mardi,8,220,32,August,Agosto,Août,8,3,2006,2,1,2007,1
20060809,8/9/2006,4,Wednesday,Miércoles,Mercredi,9,221,32,August,Agosto,Août,8,3,2006,2,1,2007,1
20060810,8/10/2006,5,Thursday,Jueves,Jeudi,10,222,32,August,Agosto,Août,8,3,2006,2,1,2007,1
20060811,8/11/2006,6,Friday,Viernes,Vendredi,11,223,32,August,Agosto,Août,8,3,2006,2,1,2007,1
20060812,8/12/2006,7,Saturday,Sábado,Samedi,12,224,32,August,Agosto,Août,8,3,2006,2,1,2007,1
20060813,8/13/2006,1,Sunday,Domingo,Dimanche,13,225,33,August,Agosto,Août,8,3,2006,2,1,2007,1
20060814,8/14/2006,2,Monday,Lunes,Lundi,14,226,33,August,Agosto,Août,8,3,2006,2,1,2007,1
20060815,8/15/2006,3,Tuesday,Martes,Mardi,15,227,33,August,Agosto,Août,8,3,2006,2,1,2007,1
20060816,8/16/2006,4,Wednesday,Miércoles,Mercredi,16,228,33,August,Agosto,Août,8,3,2006,2,1,2007,1
20060817,8/17/2006,5,Thursday,Jueves,Jeudi,17,229,33,August,Agosto,Août,8,3,2006,2,1,2007,1
20060818,8/18/2006,6,Friday,Viernes,Vendredi,18,230,33,August,Agosto,Août,8,3,2006,2,1,2007,1
20060819,8/19/2006,7,Saturday,Sábado,Samedi,19,231,33,August,Agosto,Août,8,3,2006,2,1,2007,1
20060820,8/20/2006,1,Sunday,Domingo,Dimanche,20,232,34,August,Agosto,Août,8,3,2006,2,1,2007,1
20060821,8/21/2006,2,Monday,Lunes,Lundi,21,233,34,August,Agosto,Août,8,3,2006,2,1,2007,1
20060822,8/22/2006,3,Tuesday,Martes,Mardi,22,234,34,August,Agosto,Août,8,3,2006,2,1,2007,1
20060823,8/23/2006,4,Wednesday,Miércoles,Mercredi,23,235,34,August,Agosto,Août,8,3,2006,2,1,2007,1
20060824,8/24/2006,5,Thursday,Jueves,Jeudi,24,236,34,August,Agosto,Août,8,3,2006,2,1,2007,1
20060825,8/25/2006,6,Friday,Viernes,Vendredi,25,237,34,August,Agosto,Août,8,3,2006,2,1,2007,1
20060826,8/26/2006,7,Saturday,Sábado,Samedi,26,238,34,August,Agosto,Août,8,3,2006,2,1,2007,1
20060827,8/27/2006,1,Sunday,Domingo,Dimanche,27,239,35,August,Agosto,Août,8,3,2006,2,1,2007,1
20060828,8/28/2006,2,Monday,Lunes,Lundi,28,240,35,August,Agosto,Août,8,3,2006,2,1,2007,1
20060829,8/29/2006,3,Tuesday,Martes,Mardi,29,241,35,August,Agosto,Août,8,3,2006,2,1,2007,1
20060830,8/30/2006,4,Wednesday,Miércoles,Mercredi,30,242,35,August,Agosto,Août,8,3,2006,2,1,2007,1
20060831,8/31/2006,5,Thursday,Jueves,Jeudi,31,243,35,August,Agosto,Août,8,3,2006,2,1,2007,1
20060901,9/1/2006,6,Friday,Viernes,Vendredi,1,244,35,September,Septiembre,Septembre,9,3,2006,2,1,2007,1
20060902,9/2/2006,7,Saturday,Sábado,Samedi,2,245,35,September,Septiembre,Septembre,9,3,2006,2,1,2007,1
20060903,9/3/2006,1,Sunday,Domingo,Dimanche,3,246,36,September,Septiembre,Septembre,9,3,2006,2,1,2007,1
20060904,9/4/2006,2,Monday,Lunes,Lundi,4,247,36,September,Septiembre,Septembre,9,3,2006,2,1,2007,1
20060905,9/5/2006,3,Tuesday,Martes,Mardi,5,248,36,September,Septiembre,Septembre,9,3,2006,2,1,2007,1
20060906,9/6/2006,4,Wednesday,Miércoles,Mercredi,6,249,36,September,Septiembre,Septembre,9,3,2006,2,1,2007,1
20060907,9/7/2006,5,Thursday,Jueves,Jeudi,7,250,36,September,Septiembre,Septembre,9,3,2006,2,1,2007,1
20060908,9/8/2006,6,Friday,Viernes,Vendredi,8,251,36,September,Septiembre,Septembre,9,3,2006,2,1,2007,1
20060909,9/9/2006,7,Saturday,Sábado,Samedi,9,252,36,September,Septiembre,Septembre,9,3,2006,2,1,2007,1
20060910,9/10/2006,1,Sunday,Domingo,Dimanche,10,253,37,September,Septiembre,Septembre,9,3,2006,2,1,2007,1
20060911,9/11/2006,2,Monday,Lunes,Lundi,11,254,37,September,Septiembre,Septembre,9,3,2006,2,1,2007,1
20060912,9/12/2006,3,Tuesday,Martes,Mardi,12,255,37,September,Septiembre,Septembre,9,3,2006,2,1,2007,1
20060913,9/13/2006,4,Wednesday,Miércoles,Mercredi,13,256,37,September,Septiembre,Septembre,9,3,2006,2,1,2007,1
20060914,9/14/2006,5,Thursday,Jueves,Jeudi,14,257,37,September,Septiembre,Septembre,9,3,2006,2,1,2007,1
20060915,9/15/2006,6,Friday,Viernes,Vendredi,15,258,37,September,Septiembre,Septembre,9,3,2006,2,1,2007,1
20060916,9/16/2006,7,Saturday,Sábado,Samedi,16,259,37,September,Septiembre,Septembre,9,3,2006,2,1,2007,1
20060917,9/17/2006,1,Sunday,Domingo,Dimanche,17,260,38,September,Septiembre,Septembre,9,3,2006,2,1,2007,1
20060918,9/18/2006,2,Monday,Lunes,Lundi,18,261,38,September,Septiembre,Septembre,9,3,2006,2,1,2007,1
20060919,9/19/2006,3,Tuesday,Martes,Mardi,19,262,38,September,Septiembre,Septembre,9,3,2006,2,1,2007,1
20060920,9/20/2006,4,Wednesday,Miércoles,Mercredi,20,263,38,September,Septiembre,Septembre,9,3,2006,2,1,2007,1
20060921,9/21/2006,5,Thursday,Jueves,Jeudi,21,264,38,September,Septiembre,Septembre,9,3,2006,2,1,2007,1
20060922,9/22/2006,6,Friday,Viernes,Vendredi,22,265,38,September,Septiembre,Septembre,9,3,2006,2,1,2007,1
20060923,9/23/2006,7,Saturday,Sábado,Samedi,23,266,38,September,Septiembre,Septembre,9,3,2006,2,1,2007,1
20060924,9/24/2006,1,Sunday,Domingo,Dimanche,24,267,39,September,Septiembre,Septembre,9,3,2006,2,1,2007,1
20060925,9/25/2006,2,Monday,Lunes,Lundi,25,268,39,September,Septiembre,Septembre,9,3,2006,2,1,2007,1
20060926,9/26/2006,3,Tuesday,Martes,Mardi,26,269,39,September,Septiembre,Septembre,9,3,2006,2,1,2007,1
20060927,9/27/2006,4,Wednesday,Miércoles,Mercredi,27,270,39,September,Septiembre,Septembre,9,3,2006,2,1,2007,1
20060928,9/28/2006,5,Thursday,Jueves,Jeudi,28,271,39,September,Septiembre,Septembre,9,3,2006,2,1,2007,1
20060929,9/29/2006,6,Friday,Viernes,Vendredi,29,272,39,September,Septiembre,Septembre,9,3,2006,2,1,2007,1
20060930,9/30/2006,7,Saturday,Sábado,Samedi,30,273,39,September,Septiembre,Septembre,9,3,2006,2,1,2007,1
20061001,10/1/2006,1,Sunday,Domingo,Dimanche,1,274,40,October,Octubre,Octobre,10,4,2006,2,2,2007,1
20061002,10/2/2006,2,Monday,Lunes,Lundi,2,275,40,October,Octubre,Octobre,10,4,2006,2,2,2007,1
20061003,10/3/2006,3,Tuesday,Martes,Mardi,3,276,40,October,Octubre,Octobre,10,4,2006,2,2,2007,1
20061004,10/4/2006,4,Wednesday,Miércoles,Mercredi,4,277,40,October,Octubre,Octobre,10,4,2006,2,2,2007,1
20061005,10/5/2006,5,Thursday,Jueves,Jeudi,5,278,40,October,Octubre,Octobre,10,4,2006,2,2,2007,1
20061006,10/6/2006,6,Friday,Viernes,Vendredi,6,279,40,October,Octubre,Octobre,10,4,2006,2,2,2007,1
20061007,10/7/2006,7,Saturday,Sábado,Samedi,7,280,40,October,Octubre,Octobre,10,4,2006,2,2,2007,1
20061008,10/8/2006,1,Sunday,Domingo,Dimanche,8,281,41,October,Octubre,Octobre,10,4,2006,2,2,2007,1
20061009,10/9/2006,2,Monday,Lunes,Lundi,9,282,41,October,Octubre,Octobre,10,4,2006,2,2,2007,1
20061010,10/10/2006,3,Tuesday,Martes,Mardi,10,283,41,October,Octubre,Octobre,10,4,2006,2,2,2007,1
20061011,10/11/2006,4,Wednesday,Miércoles,Mercredi,11,284,41,October,Octubre,Octobre,10,4,2006,2,2,2007,1
20061012,10/12/2006,5,Thursday,Jueves,Jeudi,12,285,41,October,Octubre,Octobre,10,4,2006,2,2,2007,1
20061013,10/13/2006,6,Friday,Viernes,Vendredi,13,286,41,October,Octubre,Octobre,10,4,2006,2,2,2007,1
20061014,10/14/2006,7,Saturday,Sábado,Samedi,14,287,41,October,Octubre,Octobre,10,4,2006,2,2,2007,1
20061015,10/15/2006,1,Sunday,Domingo,Dimanche,15,288,42,October,Octubre,Octobre,10,4,2006,2,2,2007,1
20061016,10/16/2006,2,Monday,Lunes,Lundi,16,289,42,October,Octubre,Octobre,10,4,2006,2,2,2007,1
20061017,10/17/2006,3,Tuesday,Martes,Mardi,17,290,42,October,Octubre,Octobre,10,4,2006,2,2,2007,1
20061018,10/18/2006,4,Wednesday,Miércoles,Mercredi,18,291,42,October,Octubre,Octobre,10,4,2006,2,2,2007,1
20061019,10/19/2006,5,Thursday,Jueves,Jeudi,19,292,42,October,Octubre,Octobre,10,4,2006,2,2,2007,1
20061020,10/20/2006,6,Friday,Viernes,Vendredi,20,293,42,October,Octubre,Octobre,10,4,2006,2,2,2007,1
20061021,10/21/2006,7,Saturday,Sábado,Samedi,21,294,42,October,Octubre,Octobre,10,4,2006,2,2,2007,1
20061022,10/22/2006,1,Sunday,Domingo,Dimanche,22,295,43,October,Octubre,Octobre,10,4,2006,2,2,2007,1
20061023,10/23/2006,2,Monday,Lunes,Lundi,23,296,43,October,Octubre,Octobre,10,4,2006,2,2,2007,1
20061024,10/24/2006,3,Tuesday,Martes,Mardi,24,297,43,October,Octubre,Octobre,10,4,2006,2,2,2007,1
20061025,10/25/2006,4,Wednesday,Miércoles,Mercredi,25,298,43,October,Octubre,Octobre,10,4,2006,2,2,2007,1
20061026,10/26/2006,5,Thursday,Jueves,Jeudi,26,299,43,October,Octubre,Octobre,10,4,2006,2,2,2007,1
20061027,10/27/2006,6,Friday,Viernes,Vendredi,27,300,43,October,Octubre,Octobre,10,4,2006,2,2,2007,1
20061028,10/28/2006,7,Saturday,Sábado,Samedi,28,301,43,October,Octubre,Octobre,10,4,2006,2,2,2007,1
20061029,10/29/2006,1,Sunday,Domingo,Dimanche,29,302,44,October,Octubre,Octobre,10,4,2006,2,2,2007,1
20061030,10/30/2006,2,Monday,Lunes,Lundi,30,303,44,October,Octubre,Octobre,10,4,2006,2,2,2007,1
20061031,10/31/2006,3,Tuesday,Martes,Mardi,31,304,44,October,Octubre,Octobre,10,4,2006,2,2,2007,1
20061101,11/1/2006,4,Wednesday,Miércoles,Mercredi,1,305,44,November,Noviembre,Novembre,11,4,2006,2,2,2007,1
20061102,11/2/2006,5,Thursday,Jueves,Jeudi,2,306,44,November,Noviembre,Novembre,11,4,2006,2,2,2007,1
20061103,11/3/2006,6,Friday,Viernes,Vendredi,3,307,44,November,Noviembre,Novembre,11,4,2006,2,2,2007,1
20061104,11/4/2006,7,Saturday,Sábado,Samedi,4,308,44,November,Noviembre,Novembre,11,4,2006,2,2,2007,1
20061105,11/5/2006,1,Sunday,Domingo,Dimanche,5,309,45,November,Noviembre,Novembre,11,4,2006,2,2,2007,1
20061106,11/6/2006,2,Monday,Lunes,Lundi,6,310,45,November,Noviembre,Novembre,11,4,2006,2,2,2007,1
20061107,11/7/2006,3,Tuesday,Martes,Mardi,7,311,45,November,Noviembre,Novembre,11,4,2006,2,2,2007,1
20061108,11/8/2006,4,Wednesday,Miércoles,Mercredi,8,312,45,November,Noviembre,Novembre,11,4,2006,2,2,2007,1
20061109,11/9/2006,5,Thursday,Jueves,Jeudi,9,313,45,November,Noviembre,Novembre,11,4,2006,2,2,2007,1
20061110,11/10/2006,6,Friday,Viernes,Vendredi,10,314,45,November,Noviembre,Novembre,11,4,2006,2,2,2007,1
20061111,11/11/2006,7,Saturday,Sábado,Samedi,11,315,45,November,Noviembre,Novembre,11,4,2006,2,2,2007,1
20061112,11/12/2006,1,Sunday,Domingo,Dimanche,12,316,46,November,Noviembre,Novembre,11,4,2006,2,2,2007,1
20061113,11/13/2006,2,Monday,Lunes,Lundi,13,317,46,November,Noviembre,Novembre,11,4,2006,2,2,2007,1
20061114,11/14/2006,3,Tuesday,Martes,Mardi,14,318,46,November,Noviembre,Novembre,11,4,2006,2,2,2007,1
20061115,11/15/2006,4,Wednesday,Miércoles,Mercredi,15,319,46,November,Noviembre,Novembre,11,4,2006,2,2,2007,1
20061116,11/16/2006,5,Thursday,Jueves,Jeudi,16,320,46,November,Noviembre,Novembre,11,4,2006,2,2,2007,1
20061117,11/17/2006,6,Friday,Viernes,Vendredi,17,321,46,November,Noviembre,Novembre,11,4,2006,2,2,2007,1
20061118,11/18/2006,7,Saturday,Sábado,Samedi,18,322,46,November,Noviembre,Novembre,11,4,2006,2,2,2007,1
20061119,11/19/2006,1,Sunday,Domingo,Dimanche,19,323,47,November,Noviembre,Novembre,11,4,2006,2,2,2007,1
20061120,11/20/2006,2,Monday,Lunes,Lundi,20,324,47,November,Noviembre,Novembre,11,4,2006,2,2,2007,1
20061121,11/21/2006,3,Tuesday,Martes,Mardi,21,325,47,November,Noviembre,Novembre,11,4,2006,2,2,2007,1
20061122,11/22/2006,4,Wednesday,Miércoles,Mercredi,22,326,47,November,Noviembre,Novembre,11,4,2006,2,2,2007,1
20061123,11/23/2006,5,Thursday,Jueves,Jeudi,23,327,47,November,Noviembre,Novembre,11,4,2006,2,2,2007,1
20061124,11/24/2006,6,Friday,Viernes,Vendredi,24,328,47,November,Noviembre,Novembre,11,4,2006,2,2,2007,1
20061125,11/25/2006,7,Saturday,Sábado,Samedi,25,329,47,November,Noviembre,Novembre,11,4,2006,2,2,2007,1
20061126,11/26/2006,1,Sunday,Domingo,Dimanche,26,330,48,November,Noviembre,Novembre,11,4,2006,2,2,2007,1
20061127,11/27/2006,2,Monday,Lunes,Lundi,27,331,48,November,Noviembre,Novembre,11,4,2006,2,2,2007,1
20061128,11/28/2006,3,Tuesday,Martes,Mardi,28,332,48,November,Noviembre,Novembre,11,4,2006,2,2,2007,1
20061129,11/29/2006,4,Wednesday,Miércoles,Mercredi,29,333,48,November,Noviembre,Novembre,11,4,2006,2,2,2007,1
20061130,11/30/2006,5,Thursday,Jueves,Jeudi,30,334,48,November,Noviembre,Novembre,11,4,2006,2,2,2007,1
20061201,12/1/2006,6,Friday,Viernes,Vendredi,1,335,48,December,Diciembre,Décembre,12,4,2006,2,2,2007,1
20061202,12/2/2006,7,Saturday,Sábado,Samedi,2,336,48,December,Diciembre,Décembre,12,4,2006,2,2,2007,1
20061203,12/3/2006,1,Sunday,Domingo,Dimanche,3,337,49,December,Diciembre,Décembre,12,4,2006,2,2,2007,1
20061204,12/4/2006,2,Monday,Lunes,Lundi,4,338,49,December,Diciembre,Décembre,12,4,2006,2,2,2007,1
20061205,12/5/2006,3,Tuesday,Martes,Mardi,5,339,49,December,Diciembre,Décembre,12,4,2006,2,2,2007,1
20061206,12/6/2006,4,Wednesday,Miércoles,Mercredi,6,340,49,December,Diciembre,Décembre,12,4,2006,2,2,2007,1
20061207,12/7/2006,5,Thursday,Jueves,Jeudi,7,341,49,December,Diciembre,Décembre,12,4,2006,2,2,2007,1
20061208,12/8/2006,6,Friday,Viernes,Vendredi,8,342,49,December,Diciembre,Décembre,12,4,2006,2,2,2007,1
20061209,12/9/2006,7,Saturday,Sábado,Samedi,9,343,49,December,Diciembre,Décembre,12,4,2006,2,2,2007,1
20061210,12/10/2006,1,Sunday,Domingo,Dimanche,10,344,50,December,Diciembre,Décembre,12,4,2006,2,2,2007,1
20061211,12/11/2006,2,Monday,Lunes,Lundi,11,345,50,December,Diciembre,Décembre,12,4,2006,2,2,2007,1
20061212,12/12/2006,3,Tuesday,Martes,Mardi,12,346,50,December,Diciembre,Décembre,12,4,2006,2,2,2007,1
20061213,12/13/2006,4,Wednesday,Miércoles,Mercredi,13,347,50,December,Diciembre,Décembre,12,4,2006,2,2,2007,1
20061214,12/14/2006,5,Thursday,Jueves,Jeudi,14,348,50,December,Diciembre,Décembre,12,4,2006,2,2,2007,1
20061215,12/15/2006,6,Friday,Viernes,Vendredi,15,349,50,December,Diciembre,Décembre,12,4,2006,2,2,2007,1
20061216,12/16/2006,7,Saturday,Sábado,Samedi,16,350,50,December,Diciembre,Décembre,12,4,2006,2,2,2007,1
20061217,12/17/2006,1,Sunday,Domingo,Dimanche,17,351,51,December,Diciembre,Décembre,12,4,2006,2,2,2007,1
20061218,12/18/2006,2,Monday,Lunes,Lundi,18,352,51,December,Diciembre,Décembre,12,4,2006,2,2,2007,1
20061219,12/19/2006,3,Tuesday,Martes,Mardi,19,353,51,December,Diciembre,Décembre,12,4,2006,2,2,2007,1
20061220,12/20/2006,4,Wednesday,Miércoles,Mercredi,20,354,51,December,Diciembre,Décembre,12,4,2006,2,2,2007,1
20061221,12/21/2006,5,Thursday,Jueves,Jeudi,21,355,51,December,Diciembre,Décembre,12,4,2006,2,2,2007,1
20061222,12/22/2006,6,Friday,Viernes,Vendredi,22,356,51,December,Diciembre,Décembre,12,4,2006,2,2,2007,1
20061223,12/23/2006,7,Saturday,Sábado,Samedi,23,357,51,December,Diciembre,Décembre,12,4,2006,2,2,2007,1
20061224,12/24/2006,1,Sunday,Domingo,Dimanche,24,358,52,December,Diciembre,Décembre,12,4,2006,2,2,2007,1
20061225,12/25/2006,2,Monday,Lunes,Lundi,25,359,52,December,Diciembre,Décembre,12,4,2006,2,2,2007,1
20061226,12/26/2006,3,Tuesday,Martes,Mardi,26,360,52,December,Diciembre,Décembre,12,4,2006,2,2,2007,1
20061227,12/27/2006,4,Wednesday,Miércoles,Mercredi,27,361,52,December,Diciembre,Décembre,12,4,2006,2,2,2007,1
20061228,12/28/2006,5,Thursday,Jueves,Jeudi,28,362,52,December,Diciembre,Décembre,12,4,2006,2,2,2007,1
20061229,12/29/2006,6,Friday,Viernes,Vendredi,29,363,52,December,Diciembre,Décembre,12,4,2006,2,2,2007,1
20061230,12/30/2006,7,Saturday,Sábado,Samedi,30,364,52,December,Diciembre,Décembre,12,4,2006,2,2,2007,1
20061231,12/31/2006,1,Sunday,Domingo,Dimanche,31,365,53,December,Diciembre,Décembre,12,4,2006,2,2,2007,1
20070101,1/1/2007,2,Monday,Lunes,Lundi,1,1,1,January,Enero,Janvier,1,1,2007,1,3,2007,2
20070102,1/2/2007,3,Tuesday,Martes,Mardi,2,2,1,January,Enero,Janvier,1,1,2007,1,3,2007,2
20070103,1/3/2007,4,Wednesday,Miércoles,Mercredi,3,3,1,January,Enero,Janvier,1,1,2007,1,3,2007,2
20070104,1/4/2007,5,Thursday,Jueves,Jeudi,4,4,1,January,Enero,Janvier,1,1,2007,1,3,2007,2
20070105,1/5/2007,6,Friday,Viernes,Vendredi,5,5,1,January,Enero,Janvier,1,1,2007,1,3,2007,2
20070106,1/6/2007,7,Saturday,Sábado,Samedi,6,6,1,January,Enero,Janvier,1,1,2007,1,3,2007,2
20070107,1/7/2007,1,Sunday,Domingo,Dimanche,7,7,2,January,Enero,Janvier,1,1,2007,1,3,2007,2
20070108,1/8/2007,2,Monday,Lunes,Lundi,8,8,2,January,Enero,Janvier,1,1,2007,1,3,2007,2
20070109,1/9/2007,3,Tuesday,Martes,Mardi,9,9,2,January,Enero,Janvier,1,1,2007,1,3,2007,2
20070110,1/10/2007,4,Wednesday,Miércoles,Mercredi,10,10,2,January,Enero,Janvier,1,1,2007,1,3,2007,2
20070111,1/11/2007,5,Thursday,Jueves,Jeudi,11,11,2,January,Enero,Janvier,1,1,2007,1,3,2007,2
20070112,1/12/2007,6,Friday,Viernes,Vendredi,12,12,2,January,Enero,Janvier,1,1,2007,1,3,2007,2
20070113,1/13/2007,7,Saturday,Sábado,Samedi,13,13,2,January,Enero,Janvier,1,1,2007,1,3,2007,2
20070114,1/14/2007,1,Sunday,Domingo,Dimanche,14,14,3,January,Enero,Janvier,1,1,2007,1,3,2007,2
20070115,1/15/2007,2,Monday,Lunes,Lundi,15,15,3,January,Enero,Janvier,1,1,2007,1,3,2007,2
20070116,1/16/2007,3,Tuesday,Martes,Mardi,16,16,3,January,Enero,Janvier,1,1,2007,1,3,2007,2
20070117,1/17/2007,4,Wednesday,Miércoles,Mercredi,17,17,3,January,Enero,Janvier,1,1,2007,1,3,2007,2
20070118,1/18/2007,5,Thursday,Jueves,Jeudi,18,18,3,January,Enero,Janvier,1,1,2007,1,3,2007,2
20070119,1/19/2007,6,Friday,Viernes,Vendredi,19,19,3,January,Enero,Janvier,1,1,2007,1,3,2007,2
20070120,1/20/2007,7,Saturday,Sábado,Samedi,20,20,3,January,Enero,Janvier,1,1,2007,1,3,2007,2
20070121,1/21/2007,1,Sunday,Domingo,Dimanche,21,21,4,January,Enero,Janvier,1,1,2007,1,3,2007,2
20070122,1/22/2007,2,Monday,Lunes,Lundi,22,22,4,January,Enero,Janvier,1,1,2007,1,3,2007,2
20070123,1/23/2007,3,Tuesday,Martes,Mardi,23,23,4,January,Enero,Janvier,1,1,2007,1,3,2007,2
20070124,1/24/2007,4,Wednesday,Miércoles,Mercredi,24,24,4,January,Enero,Janvier,1,1,2007,1,3,2007,2
20070125,1/25/2007,5,Thursday,Jueves,Jeudi,25,25,4,January,Enero,Janvier,1,1,2007,1,3,2007,2
20070126,1/26/2007,6,Friday,Viernes,Vendredi,26,26,4,January,Enero,Janvier,1,1,2007,1,3,2007,2
20070127,1/27/2007,7,Saturday,Sábado,Samedi,27,27,4,January,Enero,Janvier,1,1,2007,1,3,2007,2
20070128,1/28/2007,1,Sunday,Domingo,Dimanche,28,28,5,January,Enero,Janvier,1,1,2007,1,3,2007,2
20070129,1/29/2007,2,Monday,Lunes,Lundi,29,29,5,January,Enero,Janvier,1,1,2007,1,3,2007,2
20070130,1/30/2007,3,Tuesday,Martes,Mardi,30,30,5,January,Enero,Janvier,1,1,2007,1,3,2007,2
20070131,1/31/2007,4,Wednesday,Miércoles,Mercredi,31,31,5,January,Enero,Janvier,1,1,2007,1,3,2007,2
20070201,2/1/2007,5,Thursday,Jueves,Jeudi,1,32,5,February,Febrero,Février,2,1,2007,1,3,2007,2
20070202,2/2/2007,6,Friday,Viernes,Vendredi,2,33,5,February,Febrero,Février,2,1,2007,1,3,2007,2
20070203,2/3/2007,7,Saturday,Sábado,Samedi,3,34,5,February,Febrero,Février,2,1,2007,1,3,2007,2
20070204,2/4/2007,1,Sunday,Domingo,Dimanche,4,35,6,February,Febrero,Février,2,1,2007,1,3,2007,2
20070205,2/5/2007,2,Monday,Lunes,Lundi,5,36,6,February,Febrero,Février,2,1,2007,1,3,2007,2
20070206,2/6/2007,3,Tuesday,Martes,Mardi,6,37,6,February,Febrero,Février,2,1,2007,1,3,2007,2
20070207,2/7/2007,4,Wednesday,Miércoles,Mercredi,7,38,6,February,Febrero,Février,2,1,2007,1,3,2007,2
20070208,2/8/2007,5,Thursday,Jueves,Jeudi,8,39,6,February,Febrero,Février,2,1,2007,1,3,2007,2
20070209,2/9/2007,6,Friday,Viernes,Vendredi,9,40,6,February,Febrero,Février,2,1,2007,1,3,2007,2
20070210,2/10/2007,7,Saturday,Sábado,Samedi,10,41,6,February,Febrero,Février,2,1,2007,1,3,2007,2
20070211,2/11/2007,1,Sunday,Domingo,Dimanche,11,42,7,February,Febrero,Février,2,1,2007,1,3,2007,2
20070212,2/12/2007,2,Monday,Lunes,Lundi,12,43,7,February,Febrero,Février,2,1,2007,1,3,2007,2
20070213,2/13/2007,3,Tuesday,Martes,Mardi,13,44,7,February,Febrero,Février,2,1,2007,1,3,2007,2
20070214,2/14/2007,4,Wednesday,Miércoles,Mercredi,14,45,7,February,Febrero,Février,2,1,2007,1,3,2007,2
20070215,2/15/2007,5,Thursday,Jueves,Jeudi,15,46,7,February,Febrero,Février,2,1,2007,1,3,2007,2
20070216,2/16/2007,6,Friday,Viernes,Vendredi,16,47,7,February,Febrero,Février,2,1,2007,1,3,2007,2
20070217,2/17/2007,7,Saturday,Sábado,Samedi,17,48,7,February,Febrero,Février,2,1,2007,1,3,2007,2
20070218,2/18/2007,1,Sunday,Domingo,Dimanche,18,49,8,February,Febrero,Février,2,1,2007,1,3,2007,2
20070219,2/19/2007,2,Monday,Lunes,Lundi,19,50,8,February,Febrero,Février,2,1,2007,1,3,2007,2
20070220,2/20/2007,3,Tuesday,Martes,Mardi,20,51,8,February,Febrero,Février,2,1,2007,1,3,2007,2
20070221,2/21/2007,4,Wednesday,Miércoles,Mercredi,21,52,8,February,Febrero,Février,2,1,2007,1,3,2007,2
20070222,2/22/2007,5,Thursday,Jueves,Jeudi,22,53,8,February,Febrero,Février,2,1,2007,1,3,2007,2
20070223,2/23/2007,6,Friday,Viernes,Vendredi,23,54,8,February,Febrero,Février,2,1,2007,1,3,2007,2
20070224,2/24/2007,7,Saturday,Sábado,Samedi,24,55,8,February,Febrero,Février,2,1,2007,1,3,2007,2
20070225,2/25/2007,1,Sunday,Domingo,Dimanche,25,56,9,February,Febrero,Février,2,1,2007,1,3,2007,2
20070226,2/26/2007,2,Monday,Lunes,Lundi,26,57,9,February,Febrero,Février,2,1,2007,1,3,2007,2
20070227,2/27/2007,3,Tuesday,Martes,Mardi,27,58,9,February,Febrero,Février,2,1,2007,1,3,2007,2
20070228,2/28/2007,4,Wednesday,Miércoles,Mercredi,28,59,9,February,Febrero,Février,2,1,2007,1,3,2007,2
20070301,3/1/2007,5,Thursday,Jueves,Jeudi,1,60,9,March,Marzo,Mars,3,1,2007,1,3,2007,2
20070302,3/2/2007,6,Friday,Viernes,Vendredi,2,61,9,March,Marzo,Mars,3,1,2007,1,3,2007,2
20070303,3/3/2007,7,Saturday,Sábado,Samedi,3,62,9,March,Marzo,Mars,3,1,2007,1,3,2007,2
20070304,3/4/2007,1,Sunday,Domingo,Dimanche,4,63,10,March,Marzo,Mars,3,1,2007,1,3,2007,2
20070305,3/5/2007,2,Monday,Lunes,Lundi,5,64,10,March,Marzo,Mars,3,1,2007,1,3,2007,2
20070306,3/6/2007,3,Tuesday,Martes,Mardi,6,65,10,March,Marzo,Mars,3,1,2007,1,3,2007,2
20070307,3/7/2007,4,Wednesday,Miércoles,Mercredi,7,66,10,March,Marzo,Mars,3,1,2007,1,3,2007,2
20070308,3/8/2007,5,Thursday,Jueves,Jeudi,8,67,10,March,Marzo,Mars,3,1,2007,1,3,2007,2
20070309,3/9/2007,6,Friday,Viernes,Vendredi,9,68,10,March,Marzo,Mars,3,1,2007,1,3,2007,2
20070310,3/10/2007,7,Saturday,Sábado,Samedi,10,69,10,March,Marzo,Mars,3,1,2007,1,3,2007,2
20070311,3/11/2007,1,Sunday,Domingo,Dimanche,11,70,11,March,Marzo,Mars,3,1,2007,1,3,2007,2
20070312,3/12/2007,2,Monday,Lunes,Lundi,12,71,11,March,Marzo,Mars,3,1,2007,1,3,2007,2
20070313,3/13/2007,3,Tuesday,Martes,Mardi,13,72,11,March,Marzo,Mars,3,1,2007,1,3,2007,2
20070314,3/14/2007,4,Wednesday,Miércoles,Mercredi,14,73,11,March,Marzo,Mars,3,1,2007,1,3,2007,2
20070315,3/15/2007,5,Thursday,Jueves,Jeudi,15,74,11,March,Marzo,Mars,3,1,2007,1,3,2007,2
20070316,3/16/2007,6,Friday,Viernes,Vendredi,16,75,11,March,Marzo,Mars,3,1,2007,1,3,2007,2
20070317,3/17/2007,7,Saturday,Sábado,Samedi,17,76,11,March,Marzo,Mars,3,1,2007,1,3,2007,2
20070318,3/18/2007,1,Sunday,Domingo,Dimanche,18,77,12,March,Marzo,Mars,3,1,2007,1,3,2007,2
20070319,3/19/2007,2,Monday,Lunes,Lundi,19,78,12,March,Marzo,Mars,3,1,2007,1,3,2007,2
20070320,3/20/2007,3,Tuesday,Martes,Mardi,20,79,12,March,Marzo,Mars,3,1,2007,1,3,2007,2
20070321,3/21/2007,4,Wednesday,Miércoles,Mercredi,21,80,12,March,Marzo,Mars,3,1,2007,1,3,2007,2
20070322,3/22/2007,5,Thursday,Jueves,Jeudi,22,81,12,March,Marzo,Mars,3,1,2007,1,3,2007,2
20070323,3/23/2007,6,Friday,Viernes,Vendredi,23,82,12,March,Marzo,Mars,3,1,2007,1,3,2007,2
20070324,3/24/2007,7,Saturday,Sábado,Samedi,24,83,12,March,Marzo,Mars,3,1,2007,1,3,2007,2
20070325,3/25/2007,1,Sunday,Domingo,Dimanche,25,84,13,March,Marzo,Mars,3,1,2007,1,3,2007,2
20070326,3/26/2007,2,Monday,Lunes,Lundi,26,85,13,March,Marzo,Mars,3,1,2007,1,3,2007,2
20070327,3/27/2007,3,Tuesday,Martes,Mardi,27,86,13,March,Marzo,Mars,3,1,2007,1,3,2007,2
20070328,3/28/2007,4,Wednesday,Miércoles,Mercredi,28,87,13,March,Marzo,Mars,3,1,2007,1,3,2007,2
20070329,3/29/2007,5,Thursday,Jueves,Jeudi,29,88,13,March,Marzo,Mars,3,1,2007,1,3,2007,2
20070330,3/30/2007,6,Friday,Viernes,Vendredi,30,89,13,March,Marzo,Mars,3,1,2007,1,3,2007,2
20070331,3/31/2007,7,Saturday,Sábado,Samedi,31,90,13,March,Marzo,Mars,3,1,2007,1,3,2007,2
20070401,4/1/2007,1,Sunday,Domingo,Dimanche,1,91,14,April,Abril,Avril,4,2,2007,1,4,2007,2
20070402,4/2/2007,2,Monday,Lunes,Lundi,2,92,14,April,Abril,Avril,4,2,2007,1,4,2007,2
20070403,4/3/2007,3,Tuesday,Martes,Mardi,3,93,14,April,Abril,Avril,4,2,2007,1,4,2007,2
20070404,4/4/2007,4,Wednesday,Miércoles,Mercredi,4,94,14,April,Abril,Avril,4,2,2007,1,4,2007,2
20070405,4/5/2007,5,Thursday,Jueves,Jeudi,5,95,14,April,Abril,Avril,4,2,2007,1,4,2007,2
20070406,4/6/2007,6,Friday,Viernes,Vendredi,6,96,14,April,Abril,Avril,4,2,2007,1,4,2007,2
20070407,4/7/2007,7,Saturday,Sábado,Samedi,7,97,14,April,Abril,Avril,4,2,2007,1,4,2007,2
20070408,4/8/2007,1,Sunday,Domingo,Dimanche,8,98,15,April,Abril,Avril,4,2,2007,1,4,2007,2
20070409,4/9/2007,2,Monday,Lunes,Lundi,9,99,15,April,Abril,Avril,4,2,2007,1,4,2007,2
20070410,4/10/2007,3,Tuesday,Martes,Mardi,10,100,15,April,Abril,Avril,4,2,2007,1,4,2007,2
20070411,4/11/2007,4,Wednesday,Miércoles,Mercredi,11,101,15,April,Abril,Avril,4,2,2007,1,4,2007,2
20070412,4/12/2007,5,Thursday,Jueves,Jeudi,12,102,15,April,Abril,Avril,4,2,2007,1,4,2007,2
20070413,4/13/2007,6,Friday,Viernes,Vendredi,13,103,15,April,Abril,Avril,4,2,2007,1,4,2007,2
20070414,4/14/2007,7,Saturday,Sábado,Samedi,14,104,15,April,Abril,Avril,4,2,2007,1,4,2007,2
20070415,4/15/2007,1,Sunday,Domingo,Dimanche,15,105,16,April,Abril,Avril,4,2,2007,1,4,2007,2
20070416,4/16/2007,2,Monday,Lunes,Lundi,16,106,16,April,Abril,Avril,4,2,2007,1,4,2007,2
20070417,4/17/2007,3,Tuesday,Martes,Mardi,17,107,16,April,Abril,Avril,4,2,2007,1,4,2007,2
20070418,4/18/2007,4,Wednesday,Miércoles,Mercredi,18,108,16,April,Abril,Avril,4,2,2007,1,4,2007,2
20070419,4/19/2007,5,Thursday,Jueves,Jeudi,19,109,16,April,Abril,Avril,4,2,2007,1,4,2007,2
20070420,4/20/2007,6,Friday,Viernes,Vendredi,20,110,16,April,Abril,Avril,4,2,2007,1,4,2007,2
20070421,4/21/2007,7,Saturday,Sábado,Samedi,21,111,16,April,Abril,Avril,4,2,2007,1,4,2007,2
20070422,4/22/2007,1,Sunday,Domingo,Dimanche,22,112,17,April,Abril,Avril,4,2,2007,1,4,2007,2
20070423,4/23/2007,2,Monday,Lunes,Lundi,23,113,17,April,Abril,Avril,4,2,2007,1,4,2007,2
20070424,4/24/2007,3,Tuesday,Martes,Mardi,24,114,17,April,Abril,Avril,4,2,2007,1,4,2007,2
20070425,4/25/2007,4,Wednesday,Miércoles,Mercredi,25,115,17,April,Abril,Avril,4,2,2007,1,4,2007,2
20070426,4/26/2007,5,Thursday,Jueves,Jeudi,26,116,17,April,Abril,Avril,4,2,2007,1,4,2007,2
20070427,4/27/2007,6,Friday,Viernes,Vendredi,27,117,17,April,Abril,Avril,4,2,2007,1,4,2007,2
20070428,4/28/2007,7,Saturday,Sábado,Samedi,28,118,17,April,Abril,Avril,4,2,2007,1,4,2007,2
20070429,4/29/2007,1,Sunday,Domingo,Dimanche,29,119,18,April,Abril,Avril,4,2,2007,1,4,2007,2
20070430,4/30/2007,2,Monday,Lunes,Lundi,30,120,18,April,Abril,Avril,4,2,2007,1,4,2007,2
20070501,5/1/2007,3,Tuesday,Martes,Mardi,1,121,18,May,Mayo,Mai,5,2,2007,1,4,2007,2
20070502,5/2/2007,4,Wednesday,Miércoles,Mercredi,2,122,18,May,Mayo,Mai,5,2,2007,1,4,2007,2
20070503,5/3/2007,5,Thursday,Jueves,Jeudi,3,123,18,May,Mayo,Mai,5,2,2007,1,4,2007,2
20070504,5/4/2007,6,Friday,Viernes,Vendredi,4,124,18,May,Mayo,Mai,5,2,2007,1,4,2007,2
20070505,5/5/2007,7,Saturday,Sábado,Samedi,5,125,18,May,Mayo,Mai,5,2,2007,1,4,2007,2
20070506,5/6/2007,1,Sunday,Domingo,Dimanche,6,126,19,May,Mayo,Mai,5,2,2007,1,4,2007,2
20070507,5/7/2007,2,Monday,Lunes,Lundi,7,127,19,May,Mayo,Mai,5,2,2007,1,4,2007,2
20070508,5/8/2007,3,Tuesday,Martes,Mardi,8,128,19,May,Mayo,Mai,5,2,2007,1,4,2007,2
20070509,5/9/2007,4,Wednesday,Miércoles,Mercredi,9,129,19,May,Mayo,Mai,5,2,2007,1,4,2007,2
20070510,5/10/2007,5,Thursday,Jueves,Jeudi,10,130,19,May,Mayo,Mai,5,2,2007,1,4,2007,2
20070511,5/11/2007,6,Friday,Viernes,Vendredi,11,131,19,May,Mayo,Mai,5,2,2007,1,4,2007,2
20070512,5/12/2007,7,Saturday,Sábado,Samedi,12,132,19,May,Mayo,Mai,5,2,2007,1,4,2007,2
20070513,5/13/2007,1,Sunday,Domingo,Dimanche,13,133,20,May,Mayo,Mai,5,2,2007,1,4,2007,2
20070514,5/14/2007,2,Monday,Lunes,Lundi,14,134,20,May,Mayo,Mai,5,2,2007,1,4,2007,2
20070515,5/15/2007,3,Tuesday,Martes,Mardi,15,135,20,May,Mayo,Mai,5,2,2007,1,4,2007,2
20070516,5/16/2007,4,Wednesday,Miércoles,Mercredi,16,136,20,May,Mayo,Mai,5,2,2007,1,4,2007,2
20070517,5/17/2007,5,Thursday,Jueves,Jeudi,17,137,20,May,Mayo,Mai,5,2,2007,1,4,2007,2
20070518,5/18/2007,6,Friday,Viernes,Vendredi,18,138,20,May,Mayo,Mai,5,2,2007,1,4,2007,2
20070519,5/19/2007,7,Saturday,Sábado,Samedi,19,139,20,May,Mayo,Mai,5,2,2007,1,4,2007,2
20070520,5/20/2007,1,Sunday,Domingo,Dimanche,20,140,21,May,Mayo,Mai,5,2,2007,1,4,2007,2
20070521,5/21/2007,2,Monday,Lunes,Lundi,21,141,21,May,Mayo,Mai,5,2,2007,1,4,2007,2
20070522,5/22/2007,3,Tuesday,Martes,Mardi,22,142,21,May,Mayo,Mai,5,2,2007,1,4,2007,2
20070523,5/23/2007,4,Wednesday,Miércoles,Mercredi,23,143,21,May,Mayo,Mai,5,2,2007,1,4,2007,2
20070524,5/24/2007,5,Thursday,Jueves,Jeudi,24,144,21,May,Mayo,Mai,5,2,2007,1,4,2007,2
20070525,5/25/2007,6,Friday,Viernes,Vendredi,25,145,21,May,Mayo,Mai,5,2,2007,1,4,2007,2
20070526,5/26/2007,7,Saturday,Sábado,Samedi,26,146,21,May,Mayo,Mai,5,2,2007,1,4,2007,2
20070527,5/27/2007,1,Sunday,Domingo,Dimanche,27,147,22,May,Mayo,Mai,5,2,2007,1,4,2007,2
20070528,5/28/2007,2,Monday,Lunes,Lundi,28,148,22,May,Mayo,Mai,5,2,2007,1,4,2007,2
20070529,5/29/2007,3,Tuesday,Martes,Mardi,29,149,22,May,Mayo,Mai,5,2,2007,1,4,2007,2
20070530,5/30/2007,4,Wednesday,Miércoles,Mercredi,30,150,22,May,Mayo,Mai,5,2,2007,1,4,2007,2
20070531,5/31/2007,5,Thursday,Jueves,Jeudi,31,151,22,May,Mayo,Mai,5,2,2007,1,4,2007,2
20070601,6/1/2007,6,Friday,Viernes,Vendredi,1,152,22,June,Junio,Juin,6,2,2007,1,4,2007,2
20070602,6/2/2007,7,Saturday,Sábado,Samedi,2,153,22,June,Junio,Juin,6,2,2007,1,4,2007,2
20070603,6/3/2007,1,Sunday,Domingo,Dimanche,3,154,23,June,Junio,Juin,6,2,2007,1,4,2007,2
20070604,6/4/2007,2,Monday,Lunes,Lundi,4,155,23,June,Junio,Juin,6,2,2007,1,4,2007,2
20070605,6/5/2007,3,Tuesday,Martes,Mardi,5,156,23,June,Junio,Juin,6,2,2007,1,4,2007,2
20070606,6/6/2007,4,Wednesday,Miércoles,Mercredi,6,157,23,June,Junio,Juin,6,2,2007,1,4,2007,2
20070607,6/7/2007,5,Thursday,Jueves,Jeudi,7,158,23,June,Junio,Juin,6,2,2007,1,4,2007,2
20070608,6/8/2007,6,Friday,Viernes,Vendredi,8,159,23,June,Junio,Juin,6,2,2007,1,4,2007,2
20070609,6/9/2007,7,Saturday,Sábado,Samedi,9,160,23,June,Junio,Juin,6,2,2007,1,4,2007,2
20070610,6/10/2007,1,Sunday,Domingo,Dimanche,10,161,24,June,Junio,Juin,6,2,2007,1,4,2007,2
20070611,6/11/2007,2,Monday,Lunes,Lundi,11,162,24,June,Junio,Juin,6,2,2007,1,4,2007,2
20070612,6/12/2007,3,Tuesday,Martes,Mardi,12,163,24,June,Junio,Juin,6,2,2007,1,4,2007,2
20070613,6/13/2007,4,Wednesday,Miércoles,Mercredi,13,164,24,June,Junio,Juin,6,2,2007,1,4,2007,2
20070614,6/14/2007,5,Thursday,Jueves,Jeudi,14,165,24,June,Junio,Juin,6,2,2007,1,4,2007,2
20070615,6/15/2007,6,Friday,Viernes,Vendredi,15,166,24,June,Junio,Juin,6,2,2007,1,4,2007,2
20070616,6/16/2007,7,Saturday,Sábado,Samedi,16,167,24,June,Junio,Juin,6,2,2007,1,4,2007,2
20070617,6/17/2007,1,Sunday,Domingo,Dimanche,17,168,25,June,Junio,Juin,6,2,2007,1,4,2007,2
20070618,6/18/2007,2,Monday,Lunes,Lundi,18,169,25,June,Junio,Juin,6,2,2007,1,4,2007,2
20070619,6/19/2007,3,Tuesday,Martes,Mardi,19,170,25,June,Junio,Juin,6,2,2007,1,4,2007,2
20070620,6/20/2007,4,Wednesday,Miércoles,Mercredi,20,171,25,June,Junio,Juin,6,2,2007,1,4,2007,2
20070621,6/21/2007,5,Thursday,Jueves,Jeudi,21,172,25,June,Junio,Juin,6,2,2007,1,4,2007,2
20070622,6/22/2007,6,Friday,Viernes,Vendredi,22,173,25,June,Junio,Juin,6,2,2007,1,4,2007,2
20070623,6/23/2007,7,Saturday,Sábado,Samedi,23,174,25,June,Junio,Juin,6,2,2007,1,4,2007,2
20070624,6/24/2007,1,Sunday,Domingo,Dimanche,24,175,26,June,Junio,Juin,6,2,2007,1,4,2007,2
20070625,6/25/2007,2,Monday,Lunes,Lundi,25,176,26,June,Junio,Juin,6,2,2007,1,4,2007,2
20070626,6/26/2007,3,Tuesday,Martes,Mardi,26,177,26,June,Junio,Juin,6,2,2007,1,4,2007,2
20070627,6/27/2007,4,Wednesday,Miércoles,Mercredi,27,178,26,June,Junio,Juin,6,2,2007,1,4,2007,2
20070628,6/28/2007,5,Thursday,Jueves,Jeudi,28,179,26,June,Junio,Juin,6,2,2007,1,4,2007,2
20070629,6/29/2007,6,Friday,Viernes,Vendredi,29,180,26,June,Junio,Juin,6,2,2007,1,4,2007,2
20070630,6/30/2007,7,Saturday,Sábado,Samedi,30,181,26,June,Junio,Juin,6,2,2007,1,4,2007,2
20070701,7/1/2007,1,Sunday,Domingo,Dimanche,1,182,27,July,Julio,Juillet,7,3,2007,2,1,2008,1
20070702,7/2/2007,2,Monday,Lunes,Lundi,2,183,27,July,Julio,Juillet,7,3,2007,2,1,2008,1
20070703,7/3/2007,3,Tuesday,Martes,Mardi,3,184,27,July,Julio,Juillet,7,3,2007,2,1,2008,1
20070704,7/4/2007,4,Wednesday,Miércoles,Mercredi,4,185,27,July,Julio,Juillet,7,3,2007,2,1,2008,1
20070705,7/5/2007,5,Thursday,Jueves,Jeudi,5,186,27,July,Julio,Juillet,7,3,2007,2,1,2008,1
20070706,7/6/2007,6,Friday,Viernes,Vendredi,6,187,27,July,Julio,Juillet,7,3,2007,2,1,2008,1
20070707,7/7/2007,7,Saturday,Sábado,Samedi,7,188,27,July,Julio,Juillet,7,3,2007,2,1,2008,1
20070708,7/8/2007,1,Sunday,Domingo,Dimanche,8,189,28,July,Julio,Juillet,7,3,2007,2,1,2008,1
20070709,7/9/2007,2,Monday,Lunes,Lundi,9,190,28,July,Julio,Juillet,7,3,2007,2,1,2008,1
20070710,7/10/2007,3,Tuesday,Martes,Mardi,10,191,28,July,Julio,Juillet,7,3,2007,2,1,2008,1
20070711,7/11/2007,4,Wednesday,Miércoles,Mercredi,11,192,28,July,Julio,Juillet,7,3,2007,2,1,2008,1
20070712,7/12/2007,5,Thursday,Jueves,Jeudi,12,193,28,July,Julio,Juillet,7,3,2007,2,1,2008,1
20070713,7/13/2007,6,Friday,Viernes,Vendredi,13,194,28,July,Julio,Juillet,7,3,2007,2,1,2008,1
20070714,7/14/2007,7,Saturday,Sábado,Samedi,14,195,28,July,Julio,Juillet,7,3,2007,2,1,2008,1
20070715,7/15/2007,1,Sunday,Domingo,Dimanche,15,196,29,July,Julio,Juillet,7,3,2007,2,1,2008,1
20070716,7/16/2007,2,Monday,Lunes,Lundi,16,197,29,July,Julio,Juillet,7,3,2007,2,1,2008,1
20070717,7/17/2007,3,Tuesday,Martes,Mardi,17,198,29,July,Julio,Juillet,7,3,2007,2,1,2008,1
20070718,7/18/2007,4,Wednesday,Miércoles,Mercredi,18,199,29,July,Julio,Juillet,7,3,2007,2,1,2008,1
20070719,7/19/2007,5,Thursday,Jueves,Jeudi,19,200,29,July,Julio,Juillet,7,3,2007,2,1,2008,1
20070720,7/20/2007,6,Friday,Viernes,Vendredi,20,201,29,July,Julio,Juillet,7,3,2007,2,1,2008,1
20070721,7/21/2007,7,Saturday,Sábado,Samedi,21,202,29,July,Julio,Juillet,7,3,2007,2,1,2008,1
20070722,7/22/2007,1,Sunday,Domingo,Dimanche,22,203,30,July,Julio,Juillet,7,3,2007,2,1,2008,1
20070723,7/23/2007,2,Monday,Lunes,Lundi,23,204,30,July,Julio,Juillet,7,3,2007,2,1,2008,1
20070724,7/24/2007,3,Tuesday,Martes,Mardi,24,205,30,July,Julio,Juillet,7,3,2007,2,1,2008,1
20070725,7/25/2007,4,Wednesday,Miércoles,Mercredi,25,206,30,July,Julio,Juillet,7,3,2007,2,1,2008,1
20070726,7/26/2007,5,Thursday,Jueves,Jeudi,26,207,30,July,Julio,Juillet,7,3,2007,2,1,2008,1
20070727,7/27/2007,6,Friday,Viernes,Vendredi,27,208,30,July,Julio,Juillet,7,3,2007,2,1,2008,1
20070728,7/28/2007,7,Saturday,Sábado,Samedi,28,209,30,July,Julio,Juillet,7,3,2007,2,1,2008,1
20070729,7/29/2007,1,Sunday,Domingo,Dimanche,29,210,31,July,Julio,Juillet,7,3,2007,2,1,2008,1
20070730,7/30/2007,2,Monday,Lunes,Lundi,30,211,31,July,Julio,Juillet,7,3,2007,2,1,2008,1
20070731,7/31/2007,3,Tuesday,Martes,Mardi,31,212,31,July,Julio,Juillet,7,3,2007,2,1,2008,1
20070801,8/1/2007,4,Wednesday,Miércoles,Mercredi,1,213,31,August,Agosto,Août,8,3,2007,2,1,2008,1
20070802,8/2/2007,5,Thursday,Jueves,Jeudi,2,214,31,August,Agosto,Août,8,3,2007,2,1,2008,1
20070803,8/3/2007,6,Friday,Viernes,Vendredi,3,215,31,August,Agosto,Août,8,3,2007,2,1,2008,1
20070804,8/4/2007,7,Saturday,Sábado,Samedi,4,216,31,August,Agosto,Août,8,3,2007,2,1,2008,1
20070805,8/5/2007,1,Sunday,Domingo,Dimanche,5,217,32,August,Agosto,Août,8,3,2007,2,1,2008,1
20070806,8/6/2007,2,Monday,Lunes,Lundi,6,218,32,August,Agosto,Août,8,3,2007,2,1,2008,1
20070807,8/7/2007,3,Tuesday,Martes,Mardi,7,219,32,August,Agosto,Août,8,3,2007,2,1,2008,1
20070808,8/8/2007,4,Wednesday,Miércoles,Mercredi,8,220,32,August,Agosto,Août,8,3,2007,2,1,2008,1
20070809,8/9/2007,5,Thursday,Jueves,Jeudi,9,221,32,August,Agosto,Août,8,3,2007,2,1,2008,1
20070810,8/10/2007,6,Friday,Viernes,Vendredi,10,222,32,August,Agosto,Août,8,3,2007,2,1,2008,1
20070811,8/11/2007,7,Saturday,Sábado,Samedi,11,223,32,August,Agosto,Août,8,3,2007,2,1,2008,1
20070812,8/12/2007,1,Sunday,Domingo,Dimanche,12,224,33,August,Agosto,Août,8,3,2007,2,1,2008,1
20070813,8/13/2007,2,Monday,Lunes,Lundi,13,225,33,August,Agosto,Août,8,3,2007,2,1,2008,1
20070814,8/14/2007,3,Tuesday,Martes,Mardi,14,226,33,August,Agosto,Août,8,3,2007,2,1,2008,1
20070815,8/15/2007,4,Wednesday,Miércoles,Mercredi,15,227,33,August,Agosto,Août,8,3,2007,2,1,2008,1
20070816,8/16/2007,5,Thursday,Jueves,Jeudi,16,228,33,August,Agosto,Août,8,3,2007,2,1,2008,1
20070817,8/17/2007,6,Friday,Viernes,Vendredi,17,229,33,August,Agosto,Août,8,3,2007,2,1,2008,1
20070818,8/18/2007,7,Saturday,Sábado,Samedi,18,230,33,August,Agosto,Août,8,3,2007,2,1,2008,1
20070819,8/19/2007,1,Sunday,Domingo,Dimanche,19,231,34,August,Agosto,Août,8,3,2007,2,1,2008,1
20070820,8/20/2007,2,Monday,Lunes,Lundi,20,232,34,August,Agosto,Août,8,3,2007,2,1,2008,1
20070821,8/21/2007,3,Tuesday,Martes,Mardi,21,233,34,August,Agosto,Août,8,3,2007,2,1,2008,1
20070822,8/22/2007,4,Wednesday,Miércoles,Mercredi,22,234,34,August,Agosto,Août,8,3,2007,2,1,2008,1
20070823,8/23/2007,5,Thursday,Jueves,Jeudi,23,235,34,August,Agosto,Août,8,3,2007,2,1,2008,1
20070824,8/24/2007,6,Friday,Viernes,Vendredi,24,236,34,August,Agosto,Août,8,3,2007,2,1,2008,1
20070825,8/25/2007,7,Saturday,Sábado,Samedi,25,237,34,August,Agosto,Août,8,3,2007,2,1,2008,1
20070826,8/26/2007,1,Sunday,Domingo,Dimanche,26,238,35,August,Agosto,Août,8,3,2007,2,1,2008,1
20070827,8/27/2007,2,Monday,Lunes,Lundi,27,239,35,August,Agosto,Août,8,3,2007,2,1,2008,1
20070828,8/28/2007,3,Tuesday,Martes,Mardi,28,240,35,August,Agosto,Août,8,3,2007,2,1,2008,1
20070829,8/29/2007,4,Wednesday,Miércoles,Mercredi,29,241,35,August,Agosto,Août,8,3,2007,2,1,2008,1
20070830,8/30/2007,5,Thursday,Jueves,Jeudi,30,242,35,August,Agosto,Août,8,3,2007,2,1,2008,1
20070831,8/31/2007,6,Friday,Viernes,Vendredi,31,243,35,August,Agosto,Août,8,3,2007,2,1,2008,1
20070901,9/1/2007,7,Saturday,Sábado,Samedi,1,244,35,September,Septiembre,Septembre,9,3,2007,2,1,2008,1
20070902,9/2/2007,1,Sunday,Domingo,Dimanche,2,245,36,September,Septiembre,Septembre,9,3,2007,2,1,2008,1
20070903,9/3/2007,2,Monday,Lunes,Lundi,3,246,36,September,Septiembre,Septembre,9,3,2007,2,1,2008,1
20070904,9/4/2007,3,Tuesday,Martes,Mardi,4,247,36,September,Septiembre,Septembre,9,3,2007,2,1,2008,1
20070905,9/5/2007,4,Wednesday,Miércoles,Mercredi,5,248,36,September,Septiembre,Septembre,9,3,2007,2,1,2008,1
20070906,9/6/2007,5,Thursday,Jueves,Jeudi,6,249,36,September,Septiembre,Septembre,9,3,2007,2,1,2008,1
20070907,9/7/2007,6,Friday,Viernes,Vendredi,7,250,36,September,Septiembre,Septembre,9,3,2007,2,1,2008,1
20070908,9/8/2007,7,Saturday,Sábado,Samedi,8,251,36,September,Septiembre,Septembre,9,3,2007,2,1,2008,1
20070909,9/9/2007,1,Sunday,Domingo,Dimanche,9,252,37,September,Septiembre,Septembre,9,3,2007,2,1,2008,1
20070910,9/10/2007,2,Monday,Lunes,Lundi,10,253,37,September,Septiembre,Septembre,9,3,2007,2,1,2008,1
20070911,9/11/2007,3,Tuesday,Martes,Mardi,11,254,37,September,Septiembre,Septembre,9,3,2007,2,1,2008,1
20070912,9/12/2007,4,Wednesday,Miércoles,Mercredi,12,255,37,September,Septiembre,Septembre,9,3,2007,2,1,2008,1
20070913,9/13/2007,5,Thursday,Jueves,Jeudi,13,256,37,September,Septiembre,Septembre,9,3,2007,2,1,2008,1
20070914,9/14/2007,6,Friday,Viernes,Vendredi,14,257,37,September,Septiembre,Septembre,9,3,2007,2,1,2008,1
20070915,9/15/2007,7,Saturday,Sábado,Samedi,15,258,37,September,Septiembre,Septembre,9,3,2007,2,1,2008,1
20070916,9/16/2007,1,Sunday,Domingo,Dimanche,16,259,38,September,Septiembre,Septembre,9,3,2007,2,1,2008,1
20070917,9/17/2007,2,Monday,Lunes,Lundi,17,260,38,September,Septiembre,Septembre,9,3,2007,2,1,2008,1
20070918,9/18/2007,3,Tuesday,Martes,Mardi,18,261,38,September,Septiembre,Septembre,9,3,2007,2,1,2008,1
20070919,9/19/2007,4,Wednesday,Miércoles,Mercredi,19,262,38,September,Septiembre,Septembre,9,3,2007,2,1,2008,1
20070920,9/20/2007,5,Thursday,Jueves,Jeudi,20,263,38,September,Septiembre,Septembre,9,3,2007,2,1,2008,1
20070921,9/21/2007,6,Friday,Viernes,Vendredi,21,264,38,September,Septiembre,Septembre,9,3,2007,2,1,2008,1
20070922,9/22/2007,7,Saturday,Sábado,Samedi,22,265,38,September,Septiembre,Septembre,9,3,2007,2,1,2008,1
20070923,9/23/2007,1,Sunday,Domingo,Dimanche,23,266,39,September,Septiembre,Septembre,9,3,2007,2,1,2008,1
20070924,9/24/2007,2,Monday,Lunes,Lundi,24,267,39,September,Septiembre,Septembre,9,3,2007,2,1,2008,1
20070925,9/25/2007,3,Tuesday,Martes,Mardi,25,268,39,September,Septiembre,Septembre,9,3,2007,2,1,2008,1
20070926,9/26/2007,4,Wednesday,Miércoles,Mercredi,26,269,39,September,Septiembre,Septembre,9,3,2007,2,1,2008,1
20070927,9/27/2007,5,Thursday,Jueves,Jeudi,27,270,39,September,Septiembre,Septembre,9,3,2007,2,1,2008,1
